id,titulo,texto,fuente,fecha,url,economic_score,source_type,department,scope,source_weight,collected_at,score_recalculado,tono_consolidado,confianza_consolidada,modelo_seleccionado,coincidencia_modelos,tono_naive_bayes,confianza_naive_bayes,tono_transformer,confianza_transformer,topic_id,tema,confianza_tema,entidades,indicadores,stress_score,stress_nivel,terminos_riesgo,terminos_alivio,published_at,collected_at_normalized,effective_at,age_hours,date_quality,is_recent,temporal_exclusion_reason,event_id,event_size
cafd499230b80a9ecab9,Agropecuarios denuncian que la falta de combustible eleva el costo de los fletes y advierten una reducciÃ³n en la producciÃ³n,"La CÃ¡mara Agropecuaria de Cochabamba (CAC) advirtiÃ³ que la falta de diÃ©sel estÃ¡ reduciendo la producciÃ³n y dificultando el traslado de alimentos desde las zonas rurales hacia las ciudades, situaciÃ³n que, segÃºn el sector, podrÃ­a traducirse en un incremento de los precios para el consumidor. âEs un problema estructural que viene desde hace mucho tiempo y si esta situaciÃ³n continÃºa, tendrÃ¡ una repercusiÃ³n inmediata en el precio final de los productosâ , afirmÃ³ el vicepresidente de la CAC, Rolando Morales. MIRA AQUÃ: Rodrigo Paz sobre el 50-50: âNo es repartir plata, porque si no tambiÃ©n te voy a repartir deudaâ El dirigente explicÃ³ que la escasez de combustible tambiÃ©n ha elevado significativamente el costo del transporte de la producciÃ³n entre departamentos. âHace ocho meses transportar un quintal de maÃ­z desde Santa Cruz hasta Cochabamba costaba entre 8 y 11 bolivianos. Hoy no hay un transportista que cobre menos de 20 bolivianos por quintalâ, seÃ±alÃ³. Morales pidiÃ³ al Gobierno cumplir los compromisos asumidos para garantizar el abastecimiento de combustible a los sectores productivos, que dependen del diÃ©sel para transportar sus cosechas. MIRA AQUÃ: Velasco: Gobernadores propondrÃ¡n al Gobierno una ruta para aplicar el 50-50; se plantea un impuesto por aÃ±o âLos productores estamos sufriendo esta situaciÃ³n, especialmente los pequeÃ±os productores, que enfrentan dificultades para distribuir sus productos . AdemÃ¡s, sectores agroindustriales como el caÃ±ero y el oleaginoso ya estÃ¡n anunciando una disminuciÃ³n en la producciÃ³nâ, sostuvo.",Unitel,,https://unitel.bo/noticias/economia/agropecuarios-denuncian-que-la-falta-de-combustible-eleva-el-costo-de-los-fletes-y-advierten-una-reduccion-en-la-produccion-LH22259507,5,television,Santa Cruz,national,0.7,2026-07-21T11:22:05.022742+00:00,2,desfavorable,0.9995,Transformer financiero en español,True,desfavorable,0.5694,desfavorable,0.9995,2,"Política fiscal, gestión pública y sistema financiero",0.6455,[],"[""combustibles""]",66,alto,"{""escasez"": 1, ""falta"": 2}",{},,2026-07-21T11:22:05Z,2026-07-21T11:22:05Z,0.02,inferred_collected,True,recent,evt-f177b044c073,1
1610a7c396390cd925d4,"A un mes del Estado de excepciÃ³n, la situaciÃ³n del diÃ©sel no se resuelve y las filas siguen","La crisis del diÃ©sel sigue sin resolverse en el paÃ­s. Dirigentes cÃ­vicos y del transporte denunciaron que, a un mes de dictarse el Estado de excepciÃ³n, que establece que estÃ¡n prohibidos los bloqueos con lo que se garantiza la circulaciÃ³n, la situaciÃ³n se agrava por la falta de combustible oportuno para distintos sectores. âHace un mes que estÃ¡ el Estado de excepciÃ³n y las carreteras estÃ¡n expeditas. Pero al parecer quedÃ³ en papeles, porque la crisis de diÃ©sel para los productores continÃºaâ, seÃ±alÃ³ Stello Cochamanidis, presidente del ComitÃ© CÃ­vico cruceÃ±o. MIRA AQUÃ: Gobierno descarta una privatizaciÃ³n de YPFB, pero apunta a transparentarla y reestructurarla En diversas oportunidades, miembros del Gobierno y Yacimientos PetrolÃ­feros Fiscales Bolivianos atribuyeron la falta de carburante a la crisis provocada por los 53 dÃ­as de bloqueos alegando que daÃ±aron la cadena de suministro. El 20 de junio de este aÃ±o, el Gobierno dictÃ³ Estado de excepciÃ³n con lo que se prohÃ­ben los bloqueos y el porte de armas de fuego, entre otras medidas. Por su parte, el transporte federado de Santa Cruz participarÃ¡ esta semana de un ampliado nacional donde analizarÃ¡n la persistente escasez de diÃ©sel y definirÃ¡n las medidas a asumir, anunciÃ³ Bismark Daza, dirigente del sector. RecordÃ³ que el plazo otorgado al Gobierno ya venciÃ³ sin resultados y advirtiÃ³ que la falta de combustible se ha agravado , ahondÃ¡ndose la crisis pues observa que no hay soluciÃ³n estructural y de fondo. MIRA AQUÃ: Gobierno anticipa el cierre de empresas pÃºblicas inviables y pide informes a los ministerios âEsto estÃ¡ afectando seriamente a nuestros afiliados y generando creciente malestar en las basesâ, afirmÃ³. En La Paz, la situaciÃ³n es tambiÃ©n crÃ­tica para el transporte pesado internacional, asÃ­ lo seÃ±alÃ³ Hugo Domingo Ramos, ejecutivo de la ConfederaciÃ³n de Transporte Pesado, quien asegurÃ³ que el sector trabaja al 30% de su capacidad por la falta de diÃ©sel . âLa distribuciÃ³n irregular de este carburante afecta directamente al sector productivo â, sostuvo Ramos.",Unitel,,https://unitel.bo/noticias/economia/a-un-mes-del-estado-de-excepcion-la-situacion-del-diesel-no-se-resuelve-y-las-filas-siguen-IK22289405,2,television,Santa Cruz,national,0.7,2026-07-21T11:22:04.822897+00:00,2,desfavorable,0.9998,Transformer financiero en español,False,neutral,0.5349,desfavorable,0.9998,3,"Precios, alimentos y servicios básicos",0.9962,"[""YPFB""]","[""combustibles""]",100,crítico,"{""crisis"": 4, ""escasez"": 1, ""falta"": 4}",{},,2026-07-21T11:22:04Z,2026-07-21T11:22:04Z,0.02,inferred_collected,True,recent,evt-f24af6328d3d,2
8b0e03b513b617073f98,Transporte federado de Santa Cruz anuncia un ampliado para evaluar la situaciÃ³n del diÃ©sel,"El dirigente del Transporte Federado de Santa Cruz, Bismark Daza, anunciÃ³ que su sector realizarÃ¡ un ampliado para evaluar la situaciÃ³n del desabastecimiento del diÃ©sel. âVan a pedir ampliado nacional y segÃºn a eso ya la situaciÃ³n se va a poner en mesa poder discutir (sobre la escasez de diÃ©sel), porque de seguro que se va a venir un ampliado nacional, porque ahorita el transporte a nivel nacional estÃ¡ bien perjudicado por la escasez de combustibleâ, explicÃ³ el dirigente. AgregÃ³ que desde el Ministerio de Hidrocarburos se enviÃ³ una nota escrita sobre el compromiso realizado referente a la normalizaciÃ³n de la distribuciÃ³n de combustible. Sin embargo, seÃ±ala que pese a esto, continÃºan las filas en las estaciones de servicio para cargar diÃ©sel. MIRA AQUÃ: A un mes del Estado de excepciÃ³n, la situaciÃ³n del diÃ©sel no se resuelve y las filas siguen Los transportistas seÃ±alaron que el plazo otorgado al Gobierno para resolver este problema, que era hasta el pasado viernes 17 de julio, ya venciÃ³ sin resultados. Afirman que la escasez de diÃ©sel se ha agravado y que el malestar entre las bases crece cada dÃ­a. El desabastecimiento continÃºa pese a haberse cumplido un mes desde que se dictÃ³ el Estado de excepciÃ³n que buscaba garantizar la libre circulaciÃ³n, incluyendo el abastecimiento de combustible en los departamentos. En La Paz, la situaciÃ³n es tambiÃ©n crÃ­tica para el transporte pesado internacional, asÃ­ lo seÃ±alÃ³ Hugo Domingo Ramos, ejecutivo de la ConfederaciÃ³n de Transporte Pesado, quien asegurÃ³ que el sector trabaja al 30% de su capacidad por la falta de diÃ©sel. âLa distribuciÃ³n irregular de este carburante afecta directamente al sector productivoâ, sostuvo Ramos. MIRA AQUÃ: Gobierno descarta una privatizaciÃ³n de YPFB, pero apunta a transparentarla y reestructurarla",Unitel,,https://unitel.bo/noticias/economia/transporte-federado-de-santa-cruz-anuncia-un-ampliado-para-evaluar-la-situacion-del-diesel-FL22297174,3,television,Santa Cruz,national,0.7,2026-07-21T11:22:04.622185+00:00,2,desfavorable,0.7893,Transformer financiero en español,False,neutral,0.718,desfavorable,0.7893,3,"Precios, alimentos y servicios básicos",0.9959,"[""YPFB""]","[""combustibles"", ""hidrocarburos""]",96,crítico,"{""escasez"": 3, ""desabastecimiento"": 2, ""falta"": 1}",{},,2026-07-21T11:22:04Z,2026-07-21T11:22:04Z,0.02,inferred_collected,True,recent,evt-f24af6328d3d,2
db8627a189679d367062,âLos buses estÃ¡n en las filasâ: Empresas dicen que operan con la mitad de su flota por la falta de diÃ©sel,"Algunas empresas de transporte de la Terminal de Buses de La Paz operan con apenas la mitad de su flota debido al desabastecimiento de diÃ©sel, segÃºn reportaron sus responsables. Las operadoras seÃ±alan que el servicio aÃºn no se ha normalizado, pese a que este lunes comienza la tercera semana de vacaciones invernales. âEstamos trabajando al 40% porque no hay diÃ©sel y los buses siguen haciendo fila. Estamos con la mitad de los busesâ, afirmÃ³ la operadora de una empresa de transporte. MIRA AQUÃ: A un mes del Estado de excepciÃ³n, la situaciÃ³n del diÃ©sel no se resuelve y las filas siguen La responsable explicÃ³ que, por el momento, la Ãºltima salida hacia Cochabamba y Santa Cruz estÃ¡ programada para las 15:00 ; sin embargo, indicÃ³ que esperan habilitar mÃ¡s frecuencias si los buses logran abastecerse de combustible. âEstamos haciendo el servicio a Cochabamba y Santa Cruz. Por el momento tengo habilitadas salidas hasta las tres de la tarde y esperamos que llegue diÃ©sel para habilitar mÃ¡s frecuenciasâ, seÃ±alÃ³. Este lunes tambiÃ©n se cumple un mes desde que el Gobierno decretÃ³ el Estado de excepciÃ³n con el propÃ³sito de levantar los bloqueos que se extendieron durante mÃ¡s de 50 dÃ­as. Durante el conflicto, el Gobierno argumentÃ³ que la escasez de diÃ©sel en La Paz era consecuencia de los bloqueos; sin embargo, los transportistas aseguran que la situaciÃ³n no ha cambiado y que continÃºan haciendo filas cada dÃ­a para abastecerse de combustible. MIRA AQUÃ: Gobierno descarta una privatizaciÃ³n de YPFB, pero apunta a transparentarla y reestructurarla",Unitel,,https://unitel.bo/noticias/economia/los-buses-estan-en-las-filas-empresas-dicen-que-operan-con-la-mitad-de-su-flota-por-la-falta-de-diesel-PL22295093,2,television,Santa Cruz,national,0.7,2026-07-21T11:22:04.721988+00:00,2,desfavorable,0.9998,Transformer financiero en español,False,neutral,0.5848,desfavorable,0.9998,3,"Precios, alimentos y servicios básicos",0.6252,"[""YPFB""]","[""combustibles""]",76,crítico,"{""escasez"": 1, ""desabastecimiento"": 1, ""conflicto"": 1, ""falta"": 1}",{},,2026-07-21T11:22:04Z,2026-07-21T11:22:04Z,0.02,inferred_collected,True,recent,evt-74b937024425,1
1c26a3bf98d4fc35b5f3,Pasajeros de la Terminal Bimodal denuncian que los pasajes incrementaron al menos un 50%,"Diferentes usuarios de la Terminal Bimodal en Santa Cruz de la Sierra denunciaron un incremento de al menos 50% en el precio de los pasajes. Las empresas de transporte subiÃ³ la demanda por los viajes, pero que hay menos vehÃ­culos debido a la falta de combustible. âLa anterior semana salÃ­ de vacaciones con mi familia y , bueno, hemos pagado el pasaje a 100 bolivianos. Ahora queremos retornar y, lamentablemente, ha subido a 200 y hasta 250 (bolivianos)â, es el relato de Jhonny Luizaga, un usuario que llegÃ³ desde otro departamento a la capital cruceÃ±a. SegÃºn indica, desde las empresas de transporte le explicaron que se debe a que hay menor cantidad de buses d ebido a que estÃ¡n en las estaciones de servicio esperando cargar combustible. MIRA AQUÃ: A un mes del Estado de excepciÃ³n, la situaciÃ³n del diÃ©sel no se resuelve y las filas siguen Francisca Sosa contÃ³ que el precio del pasaje e n anteriores ocasiones era de Bs 270 , mientras que actualmente le dijeron que esta en Bs 400 y Bs 450. âL a autoridad no hace prevalecer, cobran lo que les da la gana, seÃ±or. Eso es muy caro. Como 450 y 400, no puede serâ, reclamÃ³ la mujer. Desde las empresas de transporte dicen que esto se debe al incremento de la demanda de pasajes . âHa subido, estÃ¡ a 180 bolivianos y el precio que vendÃ­amos normalmente era 150 bolivianos. Como hay bastante demanda de pasajeros, estÃ¡ a 180 ahora el boletoâ, manifestÃ³. SegÃºn el informe, los mayores reclamos se concentran en las rutas a La Paz y Cochabamba. MIRA AQUÃ: Gobierno descarta una privatizaciÃ³n de YPFB, pero apunta a transparentarla y reestructurarla",Unitel,,https://unitel.bo/noticias/economia/pasajeros-de-la-terminal-bimodal-denuncian-que-los-pasajes-incrementaron-al-menos-un-50-ML22298523,3,television,Santa Cruz,national,0.7,2026-07-21T11:22:04.523539+00:00,2,favorable,0.9999,Transformer financiero en español,False,neutral,0.7599,favorable,0.9999,3,"Precios, alimentos y servicios básicos",0.906,"[""YPFB""]","[""combustibles""]",54,moderado,"{""falta"": 1}",{},,2026-07-21T11:22:04Z,2026-07-21T11:22:04Z,0.02,inferred_collected,True,recent,evt-2ccc2c156fba,1
677e80b67b4e06a9c7ad,âHay un incremento en el precio del gasâ: Ladrilleros artesanales de La Paz anuncian un alza del 20% en sus productos,"La AsociaciÃ³n de Ladrilleros Artesanales de La Paz advirtiÃ³ que incrementarÃ¡ el precio de sus productos tras indicar que hay un aumento en el costo del gas industrial que reciben de Yacimientos PetrolÃ­feros Fiscales Bolivianos (YFPB) para la elaboraciÃ³n de ladrillos. âHay un incremento en el precio del gas y por tanto, los costos de producciÃ³n se elevan en un 20%. Ese incremento tendrÃ¡ que ser asumido por la poblaciÃ³n. Nosotros vamos a seguir produciendo y pagando los insumos, como el gas, pero ese costo se trasladarÃ¡ a quienes estÃ¡n construyendo sus viviendas â, explicÃ³ el dirigente RenÃ© Pari. MIRA AQUÃ: Testigo: âEscuchamos tirosâ y una mujer alertÃ³ del atraco en entidad financiera de Equipetrol El representante del sector seÃ±alÃ³ que el incremento impactarÃ¡ directamente en las familias que tienen planeado edifican sus viviendas. âEso nos preocupa porque actualmente la gente estÃ¡ construyendo menos y con este incremento, podrÃ­a paralizar las obras. Esperemos que eso no ocurra, porque ademÃ¡s nosotros tenemos deudas con los bancosâ, agregÃ³. El dirigente espera que con el nuevo precio del ladrillo no haya una baja en las construcciones de casas en La Paz. MIRA AQUÃ: A un mes del Estado de excepciÃ³n, la situaciÃ³n del diÃ©sel no se resuelve y las filas siguen El sector seÃ±ala que el producto que reciben de YPFB les llega por ductos a sus industrias instaladas en talleres en La Paz. Los productores seÃ±alan que antes de esta medida, 1.000 ladrillos estaban cotizados en Bs 750; sin embargo, con indican que con el incremento de la tarifa del gas, el costo de esa misma cantidad subirÃ­a a Bs 950.",Unitel,,https://unitel.bo/noticias/economia/hay-un-incremento-en-el-precio-del-gas-ladrilleros-artesanales-de-la-paz-anuncian-un-alza-del-20-en-sus-productos-GD22300767,6,television,Santa Cruz,national,0.7,2026-07-21T11:22:04.324061+00:00,2,favorable,0.9999,Transformer financiero en español,False,neutral,0.4966,favorable,0.9999,3,"Precios, alimentos y servicios básicos",0.8374,"[""YPFB""]","[""sistema financiero""]",50,moderado,{},{},,2026-07-21T11:22:04Z,2026-07-21T11:22:04Z,0.02,inferred_collected,True,recent,evt-81a819f68563,1
380241b6fe943dc419b3,Gobierno decreta prioridad nacional la realizaciÃ³n del Censo Agropecuario para este 2026,"Trece aÃ±os despuÃ©s del Ãºltimo Censo Agropecuario, Bolivia volverÃ¡ a actualizar la radiografÃ­a de uno de los sectores mÃ¡s importantes para su economÃ­a y seguridad alimentaria. La decisiÃ³n fue consolidada con la aprobaciÃ³n del Decreto Supremo 5658, que declara de prioridad nacional la ejecuciÃ³n del Censo Agropecuario durante la presente gestiÃ³n. âEl empadronamiento del Censo Agropecuario serÃ¡ ejecutado por el Instituto Nacional de EstadÃ­stica durante el perÃ­odo comprendido entre los meses de septiembre a diciembre de la gestiÃ³n 2026â, seÃ±ala uno de los artÃ­culos del DS. Desde el Ãºltimo operativo realizado en 2013, Bolivia no volviÃ³ a contar con una actualizaciÃ³n integral de la informaciÃ³n sobre las unidades de producciÃ³n agropecuaria, seÃ±ala un reporte del INE. En ese tiempo, el sector experimentÃ³ importantes transformaciones en la producciÃ³n, el uso del suelo, la incorporaciÃ³n de tecnologÃ­a, las dinÃ¡micas de comercializaciÃ³n y las condiciones climÃ¡ticas que hoy hacen indispensable disponer de datos oficiales y actualizados. MIRA AQUÃ: Incendios forestales golpean a Tarija y Santa Cruz en plena alerta roja por fuertes vientos El INE seÃ±ala que la historia demuestra la magnitud de estos cambios. El primer Censo Agropecuario, realizado en 1950, registrÃ³ 86.377 Unidades de ProducciÃ³n Agropecuaria (UPA) y una superficie cultivada de 654.258 hectÃ¡reas. Treinta y cuatro aÃ±os despuÃ©s, en 1984, la cifra ascendiÃ³ a 314.600 UPA y 859.727 hectÃ¡reas cultivadas. El Ãºltimo censo, desarrollado en 2013, identificÃ³ 871.927 UPA y una superficie cultivada de 2.760.239 hectÃ¡reas, reflejando el crecimiento sostenido del sector agropecuario boliviano. Con la declaratoria de prioridad nacional, el INE liderarÃ¡ la ejecuciÃ³n del Censo Agropecuario Nacional con el respaldo de las instituciones del Estado, que coadyuvarÃ¡n en las tareas de planificaciÃ³n, organizaciÃ³n y desarrollo del operativo en los nueve departamentos del paÃ­s. El Decreto Supremo tambiÃ©n garantiza la confidencialidad de la informaciÃ³n que proporcionen las productoras y los productores. Todos los datos estarÃ¡n protegidos por el secreto estadÃ­stico y serÃ¡n utilizados exclusivamente con fines estadÃ­sticos, sin fines tributarios, fiscales, judiciales o de fiscalizaciÃ³n. MIRA AQUÃ: Ante el dÃ©ficit de trigo, agro propone al Gobierno una agenda de cuatro pilares para apuntalar la producciÃ³n El nuevo Censo Agropecuario permitirÃ¡ conocer cuÃ¡ntas unidades productivas existen actualmente, cÃ³mo ha evolucionado la producciÃ³n agrÃ­cola, pecuaria y forestal, cuÃ¡l es la superficie cultivada y cuÃ¡les son las nuevas caracterÃ­sticas del sector despuÃ©s de mÃ¡s de una dÃ©cada. Esta informaciÃ³n serÃ¡ fundamental para orientar polÃ­ticas pÃºblicas, fortalecer la seguridad alimentaria, promover inversiones y planificar el desarrollo productivo del paÃ­s. Con esta decisiÃ³n, Bolivia inicia una nueva etapa para actualizar la informaciÃ³n del agro y dotar al paÃ­s de estadÃ­sticas oficiales que permitan responder a los desafÃ­os actuales del sector productivo.",Unitel,,https://unitel.bo/noticias/economia/gobierno-decreta-prioridad-nacional-la-realizacion-del-censo-agropecuario-para-este-2026-ML22298859,4,television,Santa Cruz,national,0.7,2026-07-21T11:22:04.424284+00:00,3,neutral,1.0,Transformer financiero en español,False,favorable,0.444,neutral,1.0,2,"Política fiscal, gestión pública y sistema financiero",0.9963,"[""INE""]",[],46,moderado,{},"{""crecimiento"": 1}",,2026-07-21T11:22:04Z,2026-07-21T11:22:04Z,0.02,inferred_collected,True,recent,evt-05ca01958fc5,1
417b16359a357d2136ae,REESTABLECEN LAS COMPRAS POR INTERNET Y PAGOS EN EL EXTERIOR CON TARJETAS DE DÉBITO Y CRÉDITO | ASFI,"Las familias bolivianas ya pueden utilizar sus tarjetas de débito y crédito para realizar compras online y pagar servicios fuera del país. Esta medida, impulsada por el Gobierno nacional, garantiza que más de 2,7 millones de usuarios recuperen la libertad de mover sus recursos de forma global. La Autoridad de Supervisión del Sistema Financiero ( ASFI) emitió las normativas necesarias (Circular 938/2026, Resolución 280/2026 y Carta Circular 864/2026) para que los bancos cumplan con este derecho de forma inmediata y aquí te explicamos cómo se benefician todos los consumidores de servicios financieros del país. 1. ¿Qué cambió en el uso de mi tarjeta de débito o crédito? Con la eliminación de las restricciones que limitaban el uso de tarjetas de crédito y débito, ahora puedes volver a: Pagar servicios en el exterior a través de POS. Retirar efectivo en cajeros automáticos del exterior. 2. ¿Tengo un límite de dinero para gastar con mi tarjeta de débito? Sí, se establecieron reglas claras para asegurar que todos tengan acceso a tus fondos: Monto mínimo: La medida establece que los bancos deben permitirte gastar al menos 500 dólares al mes. Montos mayores: Cada banco puede ampliar el límite a más de 500 dólares según sus propias políticas y la disponibilidad de divisas con las que cuente. Flexibilidad: Puedes usar ese dinero en una sola compra o en varias pequeñas, por ejemplo, de uno, diez o cien dólares, hasta alcanzar el monto establecido. 3. ¿Qué pasa con las tarjetas de crédito? Las tarjetas de crédito podrán usarse sin restricciones, dependiendo de la línea de crédito aprobada y de tu capacidad de pago. 4. ¿Debo pagar comisiones adicionales por usar mi tarjeta en el extranjero o para compras por internet? En ningún caso, porque la disposición elimina el cobro de comisiones. Es decir, si un servicio o producto cuesta 200 dólares, el banco debe cobrarte únicamente esos 200 dólares. El objetivo de esta medida es que recuperes la normalidad en tus operaciones financieras con el uso de tarjetas de crédito y débito, sin cargos extra que no fueron originalmente pactados. 5. ¿A qué tipo de cambio se cobrarán mis compras en dólares? Para darte seguridad y evitar cobros excesivos, todas las operaciones se realizarán con el valor referencial del dólar estadounidense que es actualizado y publicado diariamente por el Banco Central de Bolivia (BCB). Esto garantiza que las reglas sean transparentes y no dependan de mercados informales. Es decir, si adquieres un producto en dólares, se te cobrará el monto convertido a bolivianos usando el valor referencial del dólar, sin recargos adicionales. 6. ¿Qué beneficios directos tiene esto para mi día a día? Ahora no pagarás comisiones adicionales por compras en el exterior, tendrás mayor libertad de pago para compras por internet y dejarás de recurrir a plataformas que no son reguladas en el país para realizar transacciones que antes estaban limitadas, como: Servicios digitales: Pagar tus suscripciones de Netflix, Spotify, Disney+ o herramientas de trabajo, entre otros. Compras por Internet: Adquirir productos en plataformas internacionales como Amazon, AliExpress u otros. Viajes y Salud: Pagar hoteles, pasajes o servicios médicos en el exterior del país. Educación: Cancelar cursos o formación en línea de instituciones extranjeras. 7. ¿Esta medida es permanente o temporal? La disposición busca restablecer el uso normal de las tarjetas de débito y crédito para transacciones en el exterior. Cualquier cambio futuro será informado oportunamente por las autoridades. 8. ¿Qué hago si mi banco no cumple o me cobra de más? Si el banco no te permite usar por lo menos 500 dólares mensuales a través de tu tarjeta de débito, te bloquea la tarjeta sin justificativo o no respeta el valor referencial del dólar publicado por el BCB, el primer paso es acudir al Punto de Reclamo de la misma entidad financiera. Si la respuesta del banco no resuelve el problema, puedes registrar el reclamo de segunda instancia en ASFI, en cualquiera de las oficinas a nivel nacional, a través de la página web o en la línea gratuita 800 103 103. 9. ¿Es necesario pagar por reclamar? No, todos los procesos de reclamo son totalmente gratuitos y es tu derecho exigir que se cumpla la normativa vigente.",ASFI,,https://www.asfi.gob.bo/node/1362,11,official,La Paz,national,0.95,2026-07-21T11:20:25.302580+00:00,8,favorable,0.9992,Transformer financiero en español,False,neutral,0.9782,favorable,0.9992,0,"Sector productivo, automotor y actividad empresarial",0.5901,"[""BCB"", ""ASFI""]","[""tipo de cambio"", ""sistema financiero""]",50,moderado,{},{},,2026-07-21T11:20:25Z,2026-07-21T11:20:25Z,0.05,inferred_collected,True,recent,evt-0812e36ec49a,1
d5ad3a9fa032cebe5e4a,ASFI ACTUALIZA TARIFAS PARA TRANSACCIONES Y GIROS AL EXTERIOR | ASFI,"La Autoridad de Supervisión del Sistema Financiero (ASFI) aprobó la modificación al Reglamento de Tasas de Interés, Comisiones y Tarifas. Esta medida fortalece el control y la vigilancia sobre los cobros que las Entidades de Intermediación Financiera (EIF) aplican a los consumidores financieros. La actualización, aprobada mediante la Resolución ASFI/299/2026, responde a la necesidad de adecuar el sistema financiero a los lineamientos del Banco Central de Bolivia. En este sentido, se establece que, para evitar que los consumidores de servicios financieros enfrenten cobros arbitrarios, todas las transacciones con tarjetas en el exterior deben aplicar exclusivamente el valor referencial de venta del dólar estadounidense, publicado a diario por el ente emisor. En cuanto a los servicios de transferencias y giros al exterior, ASFI determinó bandas tarifarias específicas para promover la transparencia. Para los giros de hasta 1.000 dólares, el usuario solo debe pagar el costo del corresponsal internacional y para montos mayores se aplica una comisión que oscila entre el 5% y el 10%. Las transferencias en otras monedas extranjeras mayores a 1.000 dólares pueden tener una comisión de hasta 20%. En el caso de servicios de salud y educación, las transferencias en efectivo tienen una comisión fija del 3%. Pese a estos ajustes en servicios especializados, ASFI reafirmó la gratuidad de los servicios financieros básicos para proteger el ahorro de la población boliviana. La emisión inicial y renovación de tarjetas de débito, la provisión de tokens digitales, el bloqueo de tarjetas y la obtención de extractos de cuenta digitales se mantienen con costo cero para todos los usuarios. Todas las EIF fueron comunicadas oportunamente por la Autoridad Supervisora para el cumplimiento inmediato de estas disposiciones, las cuales son de acceso público en la Gaceta Electrónica de Regulación Financiera. El incumplimiento de los límites establecidos o la falta de transparencia en la información brindada al cliente será objeto de las sanciones previstas por la Ley N° 393 de Servicios Financieros.",ASFI,,https://www.asfi.gob.bo/node/1365,5,official,La Paz,national,0.95,2026-07-21T11:20:24.858063+00:00,4,favorable,0.9993,Transformer financiero en español,False,neutral,0.9769,favorable,0.9993,0,"Sector productivo, automotor y actividad empresarial",0.6589,"[""BCB"", ""ASFI""]","[""tipo de cambio"", ""sistema financiero""]",60,alto,"{""bloqueo"": 1, ""falta"": 1}",{},,2026-07-21T11:20:24Z,2026-07-21T11:20:24Z,0.05,inferred_collected,True,recent,evt-6b7072bb86e8,1
6c3eea4e2a606abaddaa,ASFI: DS 5630 NO NECESITA REGLAMENTACIÓN Y DEBE SER CUMPLIDO DE INMEDIATO POR LAS ENTIDADES DE INTERMEDIACIÓN FINANCIERA | ASFI,"Tras recibir denuncias de consumidores financieros contra bancos y otras entidades de intermediación financiera que rechazan o condicionan la atención de solicitudes de refinanciamiento y/o reprogramación de créditos bajo el argumento de la ausencia de una reglamentación adicional, la Autoridad de Supervisión del Sistema Financiero (ASFI) ratificó que el Decreto Supremo N° 5630 se encuentra plenamente vigente, no requiere normativa complementaria para su aplicación y su cumplimiento es obligatorio e inmediato. En ese sentido, en ente regulador aseguró que ninguna entidad financiera puede negarse a recibir, evaluar o atender las solicitudes de alivio financiero presentadas por los prestatarios. El Decreto Supremo N° 5630 establece las obligaciones que las entidades financieras deben cumplir para atender a los prestatarios cuya capacidad de pago fue afectada por conflictos sociales, bloqueo de caminos y otros eventos adversos registrados en el país durante los últimos días. En cumplimiento de su rol, ASFI supervisa el cumplimiento de esta disposición. Mediante las Cartas Circulares 1324/2026 y 1345/2026, instruyó a todas las entidades financieras adoptar las acciones necesarias para atender a los prestatarios afectados, adecuar sus procesos internos y brindar información clara, oportuna y accesible a los consumidores financieros. Los consumidores financieros afectados tienen el derecho de solicitar la evaluación de mecanismos de alivio, como la reprogramación y/o refinanciamiento de sus créditos, conforme a las condiciones establecidas en el Decreto Supremo. En caso de que una entidad financiera rechace una solicitud o condicione su atención con el argumento de la falta de reglamentación, el consumidor financiero debe registrar inmediatamente su reclamo en el Punto de Reclamo de la misma entidad y comunicar el caso a ASFI a través de las Defensorías del Consumidor Financiero o la Línea Gratuita 800 103 103. Finalmente, ASFI sostuvo que continuará con la estricta supervisión al cumplimiento del Decreto Supremo N° 5630 y adoptará las acciones que correspondan ante cualquier incumplimiento que vulnere los derechos de los consumidores financieros.",ASFI,,https://www.asfi.gob.bo/node/1394,4,official,La Paz,national,0.95,2026-07-21T11:20:23.083373+00:00,3,neutral,1.0,Transformer financiero en español,True,neutral,0.93,neutral,1.0,0,"Sector productivo, automotor y actividad empresarial",0.9962,"[""ASFI""]","[""sistema financiero""]",60,alto,"{""bloqueo"": 1, ""falta"": 1}",{},,2026-07-21T11:20:23Z,2026-07-21T11:20:23Z,0.05,inferred_collected,True,recent,evt-8e1aff5e7e09,1
60f55bc172baf1b750e8,¡ALERTA! ASFI DENUNCIA SUPLANTACIÓN DE IDENTIDAD PARA ESTAFAR A LA POBLACIÓN | ASFI,"La Autoridad de Supervisión del Sistema Financiero (ASFI) detectó un sitio web fraudulento que utiliza de manera ilícita su nombre e imagen institucional para engañar a la población y captar recursos de forma ilegal. La página web denominada ""asfi-renta.com"" se promociona mediante anuncios pagados en redes sociales, con el propósito de sustraer dinero a personas desprevenidas. Esta plataforma carece de toda base legal para realizar intermediación financiera o servicios de inversión en Bolivia, ya que no cuenta con licencia de funcionamiento ni registro ante ASFI. El uso de logotipos oficiales, terminología técnica e incluso la creación de videos y clonación de voces con herramientas de inteligencia artificial son tentativas malintencionadas para simular una legalidad inexistente. Las modalidades de estafa en esta página operan bajo estructuras piramidales que prometen rentas garantizadas, donde el riesgo de pérdida total del dinero es inminente. La intermediación financiera sin autorización es un delito de orden público sancionado por la Ley N° 393 de Servicios Financieros y el Código Penal, con penas que alcanzan hasta los diez años de privación de libertad. Se exhorta a la ciudadanía a no proporcionar datos personales, claves, ni realizar transferencias bancarias a los administradores de este sitio web u otros similares. ASFI recomienda a la población desconfiar de promesas de ganancias rápidas, ya que este tipo de ofertas ponen en peligro el ahorro de las familias bolivianas. Todos los canales digitales de ASFI operan exclusivamente bajo dominios gubernamentales (.gob.bo) y en ningún caso promocionan esquemas de inversión directa o manejo de capitales privados. Se recomienda verificar la legitimidad de cualquier entidad financiera en el portal oficial www.asfi.gob.bo o a través de la línea gratuita 800103103.",ASFI,,https://www.asfi.gob.bo/node/1368,6,official,La Paz,national,0.95,2026-07-21T11:20:23.969019+00:00,5,neutral,1.0,Transformer financiero en español,True,neutral,0.962,neutral,1.0,0,"Sector productivo, automotor y actividad empresarial",0.6967,"[""ASFI""]","[""sistema financiero""]",59,moderado,"{""pérdida"": 1, ""riesgo"": 1}",{},,2026-07-21T11:20:23Z,2026-07-21T11:20:23Z,0.05,inferred_collected,True,recent,evt-f41efd0584b2,1
96f65584ebc840a1472e,Derechos del Consumidor Financiero | ASFI,"El artículo 74 de la Ley N° 393 de Servicios Financieros establece que los consumidores financieros gozan de los siguientes derechos: Además, el Artículo 1, Sección 2 del Reglamento de Protección del Consumidor de Servicios Financieros, contenido en el Capítulo I, Título I, Libro 4° de la Recopilación de Normas para Servicios Financieros, establece que los consumidores financieros tienen derecho a: El Banco Público, el Banco de Desarrollo Productivo, los Bancos Múltiples y los Bancos Pyme, además de las obligaciones anteriores, deben mantener disponible una línea telefónica gratuita a nivel nacional, mínimamente durante el horario de atención al público, que permita a los consumidores financieros realizar consultas y resolver dudas sobre los productos y servicios que les son brindados. El número, la gratuidad, así como el tipo de consultas y dudas que atiende la mencionada línea telefónica, además del horario de disponibilidad de la misma, deben ser difundidos por los citados Bancos, en lugares visibles de sus sitios web, a través de sus aplicaciones de banca móvil, redes sociales y otros medios de comunicación que consideren pertinentes.",ASFI,,https://www.asfi.gob.bo/la/derechos-del-consumidor-financiero,4,official,La Paz,national,0.95,2026-07-21T11:20:21.072507+00:00,4,neutral,1.0,Transformer financiero en español,True,neutral,0.9444,neutral,1.0,0,"Sector productivo, automotor y actividad empresarial",0.8043,"[""ASFI""]","[""sistema financiero""]",50,moderado,{},{},,2026-07-21T11:20:21Z,2026-07-21T11:20:21Z,0.05,inferred_collected,True,recent,evt-219e1ad966d7,1
ec64c32ebc1b31426a68,Petrobras proyecta explorar un nuevo pozo de gas en Tarija y espera autorización de las comunidades,"El embajador de Brasil en Bolivia, Luis Henrique Sobreira Lopes, confirmó que Petrobras proyecta explorar un nuevo pozo con potencial de reservas de gas e hidrocarburos en el departamento de Tarija, como parte de su estrategia para fortalecer sus inversiones en el país, de acuerdo con Bolivia TV. El diplomático explicó que la empresa identificó un área con importante potencial hidrocarburífero y recordó que, la pasada semana, Bolivia y Brasil instalaron mesas técnicas para ampliar la participación de Petrobras en el sector energético. En ese encuentro participaron autoridades del Gobierno boliviano, la presidenta de Petrobras, Magda Chambriard, y ejecutivos de YPFB. Sobreira Lopes señaló que Petrobras mantiene su confianza en Bolivia y afirmó que el inicio de las operaciones depende de la autorización de las comunidades donde se desarrollará el proyecto. Añadió que la empresa espera que la normativa sobre seguridad jurídica sea aprobada próximamente, aunque aseguró que ello no condiciona su permanencia en el país. El embajador indicó que, según la información proporcionada por Petrobras, los estudios de impacto ambiental ya fueron realizados y no identificaron impedimentos para ejecutar el proyecto. Con esta iniciativa, Brasil ratifica el interés de la estatal petrolera por ampliar sus actividades de exploración y contribuir al desarrollo de nuevas reservas de gas en Tarija.",Economy,2026-07-20T18:03:11-04:00,https://www.economy.com.bo/articulo/economia/petrobras-proyecta-explorar-nuevo-pozo-gas-tarija-espera-autorizacion-comunidades/20260720180311023311.html,5,business,Santa Cruz,national,0.85,2026-07-21T11:21:54.791492+00:00,3,favorable,0.9768,Transformer financiero en español,False,neutral,0.5926,favorable,0.9768,2,"Política fiscal, gestión pública y sistema financiero",0.9938,"[""YPFB""]","[""reservas internacionales"", ""hidrocarburos""]",50,moderado,{},{},2026-07-20T22:03:11Z,2026-07-21T11:21:54Z,2026-07-20T22:03:11Z,13.33,published,True,recent,evt-69d3c327a9cc,1
3c09a0af8b284f8ed016,"Empleo informal creció en Bolivia en 1% el primer semestre, según el INE","Gabriel vende camisas en la avenida Mariscal Santa Cruz, en la ciudad de La Paz. Explicó que un accidente le obligó a dejar su trabajo para dedicarse a la informalidad, pero no se siente conforme debido a que debe enfrentar una serie de problemas, además de soportar el intenso frío o las lluvias. En horas de la noche debe competir con una gran cantidad de personas, quienes tratan de eludir el control de los efectivos municipales para instalar sus puestos improvisados. Un reciente reporte del Instituto de Estadística (INE) establece que hay un incremento de casi un punto porcentual de jóvenes y mujeres en este sector durante el primer trimestre. El Centro de Estudios Económicos Sociales (CEES) desarrolló una aplicación para establecer las características de la informalidad en Bolivia y presentó una radiografía de este sector. Aseguró que a escala nacional el sector informal alcanza “un preocupante 78,5%. Esto significa que casi ocho de cada 10 unidades económicas operan fuera de los marcos regulatorios, lo que limita la productividad y la capacidad de recaudación del Estado”, señala. Establece que, si bien la informalidad urbana se sitúa en un 71,7%, la situación en el área rural es “crítica” hasta alcanzar un 92,2 por ciento, esta “disparidad evidencia una desconexión en el acceso a empleos de calidad y protección social entre el campo y la ciudad”. Lo preocupante es que la ocupación informal se encuentra en ascenso, es decir que la “tasa de ocupación informal total llega al 87,3 por ciento”. Pero más allá de estas cifras, “esto representa a millones de bolivianos sin seguro de salud, aportes jubilatorios ni estabilidad laboral, lo que configura una vulnerabilidad social latente ante cualquier crisis económica”. El informe “Encuesta continua de empleo” que publica el INE establece que Bolivia registró una tasa de desocupación del 3,2% al primer trimestre, “nivel inferior al registrado en el mismo período de 2025 (3,8 %)”, lo que implica que se encontraría entre los más bajos de la región. En Chile, por ejemplo, en 2025 llegó al 8,7%, mientras en Perú estuvo por el 6,6%. Sin embargo, los registros del INE incorporan a las personas que salen a vender algunos dulces como trabajadores. Este sector hasta marzo llegó al 84,2%, “cifra superior a la registrada en el mismo período de la gestión 2025 (82,6 %)”, además, “tanto para mujeres y jóvenes, la ocupación informal es superior a la de los hombres, con 85,9 % y 93,2 %, respectivamente, en comparación con lo registrado en el primer trimestre de 2025 (85 % y 92,1 %)”. La Población Económicamente Activa (PEA) alcanzó un total de 4,817 millones de personas en el primer trimestre, que representa un incremento del 1,1% respecto a similar período de 2025. Además, la Tasa Global de Participación (TGP), se situó en 75,8% en el área urbana, lo que refleja “la disponibilidad de mano de obra para la producción de bienes y servicios”. En este indicador, la participación masculina alcanzó el 81,5 por ciento, que evidencia una mayor presencia en la fuerza laboral en comparación con las mujeres, que registraron un 70,5%. Por otro lado, la tasa de ocupación (TO), que representa el porcentaje de personas ocupadas respecto a la población en edad de trabajar, llegó a 73,3% hasta marzo en el área urbana del país. Los hombres registraron una TO de 79,4%, una diferencia de 11,7 puntos respecto a las mujeres. La informalidad reduce el acceso a derechos laborales, como pensiones para la jubilación o seguros, y limita la recaudación fiscal para políticas públicas del Estado. Además, en regiones como el departamento de Potosí, con una fuerte vocación minera, la falta de infraestructura productiva perpetúa el ciclo de informalidad. La población economicamente activa es la que se ve más afectada por la falta de opotunidades porque la informalidad no es solo económica, sino social.",Los Tiempos,2026-07-20T08:36:16-04:00,https://www.lostiempos.com/actualidad/economia/20260720/empleo-informal-crecio-bolivia-1-primer-semestre-ine,5,newspaper,Cochabamba,national,0.7,2026-07-21T11:22:00.906982+00:00,3,favorable,0.9999,Transformer financiero en español,False,desfavorable,0.5162,favorable,0.9999,2,"Política fiscal, gestión pública y sistema financiero",0.4531,"[""INE""]","[""empleo""]",62,alto,"{""crisis"": 1, ""falta"": 2}","{""estabilidad"": 1}",2026-07-20T12:36:16Z,2026-07-21T11:22:00Z,2026-07-20T12:36:16Z,22.78,published,True,recent,evt-235bbabd75db,1
7d0f347a6c13d47b1cd7,"Jubileo afirma: pobreza tiene rostro de mujer, joven y campesino","Al discurso de “Bolivia se nos muere”, que pronunció el cuatro veces presidente Víctor Paz Estenssoro en 1985, se suman cada año otras voces para reducir los niveles de pobreza sin lograr este objetivo. La puesta en marcha de los distintos modelos económicos que se aplicaron no logró aminorar sus niveles y lo que muestra un estudio de la Fundación Jubileo es que la tendencia se mantiene con una línea ascendente para golpear a campesinos, indígenas jóvenes y mujeres. A los elevados niveles de corrupción que todavía persisten en el país se suma la pandemia, que se intensificó en 2020, y por si esto no fuera poco, se añadió la crisis económica que todavía se arrastra en Bolivia. Con datos del Instituto de Estadística (INE) de 2024, Jubileo precisa que más del 53% de la población rural se encontraba en situación de pobreza moderada, frente al 31% de la población urbana. Pero esta brecha se agrava más cuando se analiza la pobreza extrema: mientras solo 6% de la población urbana no logra cubrir una canasta mínima de alimentos, en el área rural esta proporción asciende al 29,6%. Esto quiere decir que una de cada cuatro personas en el campo no tiene ingresos suficientes para alimentarse adecuadamente, “lo que evidencia que la pobreza estructural está fuertemente arraigada en el campo, donde el acceso a servicios básicos, educación, salud y empleo digno sigue siendo limitado”, señala el reporte de Jubileo. Pero las diferencias entre el eje central del país, La Paz, Cochabamba y Santa Cruz, con el resto del territorio nacional son igualmente reveladoras, por fuera de estas regiones la pobreza alcanza al 41,1 por ciento de la población, frente al 36,3 % en las zonas más favorecidas. Y qué pasa con la población indígena. Este estudio establece que el 46,1 % vive en pobreza, frente al 33,5 % de la población no indígena. “Esta brecha tiene raíces históricas y refleja un patrón de exclusión estructural, que persiste en Bolivia”, se lee en el informe. Respecto al género se observa que las mujeres enfrentan mayores niveles de pobreza, que llegan a un 38,2% respecto a los hombres con el 37,1%. “Esta diferencia se explica por su menor acceso a empleo formal, mayor carga de trabajo no remunerado y barreras estructurales en el sistema productivo y educativo”. Otro de los factores es la edad, se establece que la pobreza es más alta entre los niños y adolescentes. Veamos, según el reporte la indigencia afecta al 49,8% de menores de 5 años y a 50,6% de los que tienen entre 6, la niñez y adolescencia son las más expuestas a la pobreza, lo cual condiciona su desarrollo físico, educativo y emocional, y se convierte en una trampa intergeneracional”, establece Jubileo. Respecto al nivel educativo se concluye que a menor escolaridad hay una mayor probabilidad de pobreza. El 58,8% de quienes no tienen estudios formales son pobres y la tasa de pobreza disminuye progresivamente con el nivel educativo: solo 18,7% de quienes tienen más de 12 años de escolaridad están en pobreza. “La educación no solo reduce la pobreza, sino que es un factor protector clave frente a la vulnerabilidad”. La Fundación establece que estas cifras reflejan más que un simple problema de ingresos. Revelan desigualdades estructurales en el acceso a servicios básicos, mercados, educación, infraestructura y oportunidades económicas. “La pobreza no se expresa solo en ingresos bajos, sino también en acceso desigual a servicios básicos como salud, educación y seguridad social”, remarca la Fundación Jubileo. Chuquisaca (51,2%) y Potosí (47,4%) concentran a casi la mitad de su población en situación de pobreza. La Paz (45,2 %) y Cochabamba (41,2 %) con incidencias altas, se mantienen cerca del 40 %, de acuerdo con la investigación que realizó la fundación.",Los Tiempos,2026-07-20T08:32:32-04:00,https://www.lostiempos.com/actualidad/economia/20260720/jubileo-afirma-pobreza-tiene-rostro-mujer-joven-campesino,3,newspaper,Cochabamba,national,0.7,2026-07-21T11:22:00.767438+00:00,2,neutral,1.0,Transformer financiero en español,True,neutral,0.6532,neutral,1.0,2,"Política fiscal, gestión pública y sistema financiero",0.9971,"[""INE""]","[""empleo""]",58,moderado,"{""crisis"": 1}",{},2026-07-20T12:32:32Z,2026-07-21T11:22:00Z,2026-07-20T12:32:32Z,22.84,published,True,recent,evt-0fe1d75b122f,1
ebd573f977e9a08a3f6f,Privados rechazan feriado del 14 de agosto en Cochabamba: âSe agotÃ³ el margen para nuevas paralizacionesâ,"La FederaciÃ³n de Entidades Empresariales Privadas de Cochabamba expresÃ³ su rechazo al anuncio de declarar feriado departamental para el 14 de agosto por la festividad de la Virgen de UrkupiÃ±a . El sector asegura que la paralizaciÃ³n de las actividades afectarÃ¡ mÃ¡s a la economÃ­a. âEl departamento ha agotado su margen para nuevas paralizaciones. Durante 2026 soportÃ³ 58 dÃ­as de bloqueos y 53 jornadas consecutivas de afectaciÃ³n logÃ­stica, con graves consecuencias sobre la producciÃ³n, el abastecimiento, el transporte, el comercio y los ingresos de las familiasâ, expresaron en un comunicado. MIRA AQUÃ: Informe de Gobierno: 15 empresas estatales registran pÃ©rdidas que suman Bs 5.177 millones SegÃºn manifiestan, esta determinaciÃ³n, elevarÃ¡ a tres los dÃ­as feriados durante el mes de agosto lo que âaÃ±adirÃ¡ una nueva interrupciÃ³n para la mayor parte del aparato productivo departamentalâ, justo cuando la economÃ­a requiere continuidad y recuperaciÃ³n. âEsta disposiciÃ³n surge en una coyuntura de recesiÃ³n econÃ³mica y con cada jornada paralizada se incrementa costos , interrumpe cadenas productivas, reduce ventas y compromete el empleo y los ingresos ciudadanosâ, seÃ±alan. El sector asegura que ellos valoran la festividad de la Virgen de UrkupiÃ±a ya que es una muestra de su identidad religiosa y cultural. Sin embargo, aseguran que su celebraciÃ³n puede articularse âmediante tolerancias focalizadas, horarios escalonados , delimitaciones territoriales y acuerdos de continuidad operativa que protejan la actividad productivaâ. Ante esto, exigen a las autoridades actuar con responsabilidad, planificaciÃ³n y sustento tÃ©cnico, reconsiderando esta posible declaratoria. âCochabamba necesita trabajar, producir y recuperar su economÃ­a. Las decisiones pÃºblicas deben responder a esta prioridadâ, agregan. MIRA AQUÃ: Tras varias jornadas en ascenso, cotizaciÃ³n del dÃ³lar se mantiene en Bs 10,75 para este viernes, segÃºn el BCB Las declaraciones surgen luego de que desde la GobernaciÃ³n de Cochabamba se anunciara que luego de la reuniÃ³n del ComitÃ© Interinstitucional de la Festividad de la Virgen de UrkupiÃ±a, se determinÃ³ que el viernes 14 de agosto serÃ¡ feriado departamental. âHay que apoyar esta fiesta porque es la fiesta mÃ¡s grande de los cochabambinos y seguramente a nivel nacional tambiÃ©n, ese dÃ­a vamos a ver gente de todo el paÃ­s aquÃ­, por eso se llama fiesta de la integraciÃ³n nacional (...) el 14 es oficialmente feriado departamentalâ, dijo JosÃ© Antonio Gonzales, secretario de Gobernabilidad y CoordinaciÃ³n de la GobernaciÃ³n.",Unitel,,https://unitel.bo/noticias/economia/privados-rechazan-feriado-del-14-de-agosto-en-cochabamba-se-agoto-el-margen-para-nuevas-paralizaciones-GB22235939,2,television,Santa Cruz,national,0.7,2026-07-20T11:59:34.076221+00:00,2,desfavorable,0.9998,Transformer financiero en español,False,neutral,0.7139,desfavorable,0.9998,5,"Comercio exterior, desarrollo y empresas",0.7083,"[""BCB""]","[""empleo""]",50,moderado,{},{},,2026-07-20T11:59:34Z,2026-07-20T11:59:34Z,23.39,inferred_collected,True,recent,evt-b13ebb148a98,1
6c236aa43403fcdefb4a,"Velasco: âSanta Cruz retiene apenas el 4% de los impuestos que genera, el 96% restante se va al centralismoâ","En medio del pedido de las gobernaciones de acelerar la aplicaciÃ³n del modelo 50-50 para una mayor asignaciÃ³n de recursos a gobiernos subnacionales, este viernes Juan Pablo Velasco, gobernador cruceÃ±o, manifestÃ³ que Santa Cruz solo dispone de 4% de todo lo que genera en impuestos. MIRA AQUÃ: El dÃ³lar oficial vuelve a subir: Â¿CuÃ¡l es la cotizaciÃ³n para este sÃ¡bado? Velasco realizÃ³ una comparaciÃ³n del Presupuesto General del Estado (PGE) y el de la GobernaciÃ³n cruceÃ±a. SeÃ±ala que el primero ronda los 300.000 millones de bolivianos, mientras que el del gobierno departamental es de Bs 2.200 millones. AdemÃ¡s, el gobernador agregÃ³ que, de esos 2.200 millones de bolivianos, la GobernaciÃ³n cruceÃ±a solo puede disponer libremente de Bs 700 millones. La autoridad indicÃ³ que cada aÃ±o Santa Cruz genera y transfiere impuestos por 17.000 millones de bolivianos, lo que representa el 38% de los tributos recaudados a nivel nacional; sin embargo, regresa al departamento cruceÃ±o pocos recursos. âEl 96% restante sube al centralismo y no vuelve, y si vuelve es en condiciones que nosotros no controlamos, con prioridades que nosotros no definimos y en tiempos que nosotros no decidimosâ, seÃ±alÃ³ Velasco. MIRA AQUÃ: Asosur denuncia que YPFB solo entrega el 50% de combustible a surtidores de Santa Cruz SegÃºn la autoridad, eso explica la situaciÃ³n econÃ³mica de la GobernaciÃ³n cruceÃ±a. âNo es falta de visiÃ³n, no es falta de capacidad tÃ©cnica, no es falta de ganas. Es falta de recursos propios. Es un sistema diseÃ±ado para que las regiones dependan del centralismo â, cuestionÃ³ el gobernador. Velasco indicÃ³ que el 50-50 no es una demanda polÃ­tica y agregÃ³ que es el Ãºnico mecanismo para devolverle a los gobiernos subnacionales capacidad de solucionar los problemas de su gente. âHoy no se queda nada. Y por eso estamos como estamosâ, manifestÃ³. âEsto no requiere una reforma constitucional compleja ni aÃ±os de debate tÃ©cnico. Requiere que diez personas de traje, sentadas en el centralismo, decidan que Bolivia funciona mejor cuando sus regiones tienen recursos para gobernar. Eso es todo. Voluntad polÃ­tica puraâ, sostuvo la autoridad departamental.",Unitel,,https://unitel.bo/noticias/economia/velasco-santa-cruz-retiene-apenas-el-4-de-los-impuestos-que-genera-el-96-restante-se-va-al-centralismo-PG22249060,4,television,Santa Cruz,national,0.7,2026-07-20T11:59:33.444749+00:00,3,neutral,0.9993,Transformer financiero en español,True,neutral,0.9114,neutral,0.9993,5,"Comercio exterior, desarrollo y empresas",0.5372,"[""YPFB""]","[""combustibles""]",66,alto,"{""falta"": 4}",{},,2026-07-20T11:59:33Z,2026-07-20T11:59:33Z,23.39,inferred_collected,True,recent,evt-5edf1b8b1c2c,1
946d4f533139fc4e410b,Asosur denuncia que YPFB solo entrega el 50% de combustible a surtidores de Santa Cruz,"La AsociaciÃ³n Departamental de Surtidores Comercializadores Privados de Hidrocarburos y Derivados de Santa Cruz (Asosur) denunciÃ³ que los surtidores cruceÃ±os solo recibieron la mitad del combustible que se suelen recepcionar. La gerente de Asosur, Susy Dorado, precisÃ³ que en Santa Cruz hay 188 surtidores y todos recibieron solo el 50% de parte de Yacimientos PetrolÃ­feros Fiscales Bolivianos (YPFB), lo que considerÃ³ como el origen de las largas filas en las estaciones de servicio. âTenemos una reducciÃ³n significativa, ahorita estamos en un 50% del cupo que necesitamos para cubrir la demanda del mercado interno y eso se refleja en las provincias, donde la gente hace filas esperando que llegue el productoâ, indicÃ³ Dorado. EjemplificÃ³ que, si una estaciÃ³n de servicio tenÃ­a regularmente 40 mil litros, ahora tiene 25 mil litros y agregÃ³ que la situaciÃ³n en surtidores alejados de la capital es peor. âSi antes tenÃ­amos 30 (mil litros) dÃ­a por medio, ahora las estaciones de provincia estÃ¡n recibiendo una o dos veces a la semanaâ , agregÃ³. MIRA AQUÃ: Falta de diÃ©sel pone en riesgo 800.000 toneladas de soya y paraliza siembra en Santa Cruz, alerta expresidente de Anapo Ante esta situaciÃ³n, pidiÃ³ normalizar la distribuciÃ³n para evitar mayores perjuicios a los usuarios. MIRA AQUÃ: Informe de Gobierno: 15 empresas estatales registran pÃ©rdidas que suman Bs 5.177 millones En surtidores del eje central se observan filas de vehÃ­culos tanto pesados como livianos que buscan diÃ©sel y gasolina. Esta situaciÃ³n se replica desde mayo y los conductores denuncian que no se regularizÃ³ despuÃ©s de que se levantara el paro que impulsaron campesinos e integrantes de la Central Obrera Bolivia (COB). Incluso los conductores denuncian que hay surtidores en los que no hay combustible, por lo que colocan conos de advertencia en el ingreso.",Unitel,,https://unitel.bo/noticias/economia/asosur-denuncia-que-ypfb-solo-entrega-el-50-de-combustible-a-surtidores-de-santa-cruz-LB22237914,5,television,Santa Cruz,national,0.7,2026-07-20T11:59:33.949544+00:00,3,neutral,1.0,Transformer financiero en español,True,neutral,0.5968,neutral,1.0,5,"Comercio exterior, desarrollo y empresas",0.4643,"[""YPFB""]","[""combustibles"", ""hidrocarburos""]",58,moderado,"{""riesgo"": 1, ""falta"": 1}",{},,2026-07-20T11:59:33Z,2026-07-20T11:59:33Z,23.39,inferred_collected,True,recent,evt-82557991f59c,1
c4081b5199306676b45f,CÃ­vicos provinciales advierten con medidas de presiÃ³n si YPFB no regula el abastecimiento de combustible,"El presidente cÃ­vico provincial de Santa Cruz, Marcelo NÃºÃ±ez, indicÃ³ que se redujo el abastecimiento de diÃ©sel en las provincias, lo que generÃ³ la reapariciÃ³n del âmercado negroâ. Ante la situaciÃ³n, pide a Yacimientos PetrolÃ­feros Fiscales Bolivianos (YPFB) que normalice la entrega del combustible y advirtiÃ³ con medidas de presiÃ³n. âDesde los ComitÃ©s CÃ­vicos Provinciales tenemos una reuniÃ³n de directorio y vamos a tomar medidas. Puede haber medidas que van a ser bastante drÃ¡sticas, pero el Gobierno tiene que ponerse la mano al pecho y cumplir con el tema de los cupos de diÃ©sel en provincia y en la ciudadâ, indicÃ³ el cÃ­vico. MIRA AQUÃ: El dÃ³lar oficial vuelve a subir: Â¿CuÃ¡l es la cotizaciÃ³n para este sÃ¡bado? NÃºÃ±ez explicÃ³ que debido a la escasez, lo s productores estuvieron adquiriendo diÃ©sel en el âmercado negroâ, donde el litro de combustible llegÃ³ hasta en Bs 20. âEl seÃ±or (presidente de YPFB) Daroca tiene que responder y buscar los mecanismos de que se pueda por lo menos llegar a como estaba los cupos en las provincias, porque nos estÃ¡n perjudicando y todo ese perjuicio se va al sector que genera alimentaciÃ³n para Boliviaâ, sostuvo. AdemÃ¡s, seÃ±alÃ³ que puede haber una afectaciÃ³n en la alimentaciÃ³n , ya que no habrÃ¡ producciÃ³n debido a que actualmente no hay combustible para cosechar, sembrar, ni transportar los productos. MIRA AQUÃ: Asosur denuncia que YPFB solo entrega el 50% de combustible a surtidores de Santa Cruz",Unitel,,https://unitel.bo/noticias/economia/civicos-provinciales-advierten-con-medidas-de-presion-si-ypfb-no-regula-el-abastecimiento-de-combustible-GG22248169,2,television,Santa Cruz,national,0.7,2026-07-20T11:59:33.696355+00:00,2,neutral,1.0,Transformer financiero en español,True,neutral,0.6969,neutral,1.0,3,"Precios, alimentos y servicios básicos",0.5455,"[""YPFB""]","[""combustibles""]",58,moderado,"{""escasez"": 1}",{},,2026-07-20T11:59:33Z,2026-07-20T11:59:33Z,23.39,inferred_collected,True,recent,evt-385166a3916f,1
a55659dd640129e9407c,"Gobierno descarta una privatizaciÃ³n de YPFB, pero apunta a transparentarla y reestructurarla","El ministro de la Presidencia, JosÃ© Luis Lupo, descartÃ³ una privatizaciÃ³n de Yacimientos PetrolÃ­feros Fiscales Bolivianos (YPFB) y ratificÃ³ que la empresa seguirÃ¡ bajo control del Estado por su carÃ¡cter estratÃ©gico. Sin embargo, admitiÃ³ que la empresa enfrenta problemas financieros y de abastecimiento, por lo que anunciÃ³ que serÃ¡ sometida a un proceso de transformaciÃ³n, reestructuraciÃ³n y transparentaciÃ³n, mientras en el corto plazo deberÃ¡ resolver las fallas que afectan la provisiÃ³n de combustibles. âYPFB, como tal, es una empresa estratÃ©gica. Por tanto, estÃ¡ en el grupo (de empresas) que no pretende, y nunca pretendieron ser privatizadas, vendidas y ni mucho menos, porque consideramos que son empresas fundamentales para promover el desarrollo. Pero eso no quiere decir que estÃ©n bienâ, sostuvo la autoridad en entrevista con la periodista Maggy Talavera. MIRA AQUÃ: Gobierno anticipa el cierre de empresas pÃºblicas inviables y pide informes a los ministerios â YPFB tiene problemas financieros, tiene problemas de abastecimiento, tiene una cantidad de problemas. Entonces, en el mediano plazo, YPFB tiene que someterse a un proceso de transformaciÃ³n, reestructuraciÃ³n y transparentaciÃ³nâ, seÃ±alÃ³ durante la entrevista. Respecto a las propuestas para retirar a YPFB de la importaciÃ³n, comercializaciÃ³n y distribuciÃ³n de combustibles, el ministro descartÃ³ esa posibilidad; no obstante, recordÃ³ que el Gobierno ya habilitÃ³ la participaciÃ³n privada en esas actividades y prevÃ© ampliar esos incentivos mediante la futura Ley de Hidrocarburos. MIRA AQUÃ: Ministro Lupo: âPara resolver el tema del dÃ©ficit es indispensable un acuerdo con el FMIâ Las definiciones sobre YPFB forman parte de la revisiÃ³n que el Gobierno realiza sobre el conjunto de las empresas pÃºblicas y Lupo sostuvo que las consideradas estratÃ©gicas, como YPFB, ENDE o Entel, permanecerÃ¡n en manos del Estado, aunque tambiÃ©n deberÃ¡n ser reorganizadas para mejorar su funcionamiento y transparencia. En contraste, seÃ±alÃ³ que el Ejecutivo avanza en la evaluaciÃ³n de otras empresas estatales deficitarias para definir su cierre, reestructuraciÃ³n o posibles asociaciones pÃºblico-privadas, una vez concluidas las auditorÃ­as financieras, tÃ©cnicas e institucionales.",Unitel,,https://unitel.bo/noticias/economia/gobierno-descarta-una-privatizacion-de-ypfb-pero-apunta-a-transparentarla-y-reestructurarla-ME22269720,7,television,Santa Cruz,national,0.7,2026-07-20T11:59:33.061645+00:00,5,neutral,1.0,Transformer financiero en español,True,neutral,0.9311,neutral,1.0,2,"Política fiscal, gestión pública y sistema financiero",0.6173,"[""YPFB""]","[""combustibles"", ""déficit fiscal"", ""hidrocarburos""]",50,moderado,{},{},,2026-07-20T11:59:33Z,2026-07-20T11:59:33Z,23.39,inferred_collected,True,recent,evt-fe8400300b96,1
9bb66a9eca9b398bfe70,EL DECRETO SUPREMO N° 5630 ESTÁ VIGENTE: ASFI SUPERVISA QUE LAS ENTIDADES FINANCIERAS CUMPLAN CON SU APLICACIÓN | ASFI,"La Autoridad de Supervisión del Sistema Financiero (ASFI) ratificó que cumple de manera oportuna y efectiva las funciones que le asigna el Decreto Supremo N° 5630, orientadas a proteger a los consumidores financieros cuya capacidad de pago se vio afectada por los conflictos sociales, bloqueos y otros eventos adversos. Desde la vigencia del Decreto Supremo, ASFI activó acciones inmediatas para garantizar su aplicación. El 9 de junio de 2026, mediante la Carta Circular ASFI/DCF/CC-1324/2026, recordó a las entidades de intermediación financiera y empresas de arrendamiento financiero que deben adecuar sus procesos internos para atender, evaluar, convenir y aprobar las solicitudes de refinanciamiento y/o reprogramaciones presentadas voluntariamente por los prestatarios afectados, brindando una atención oportuna, ágil y diligente. Posteriormente, el 11 de junio de 2026, a través de la Carta Circular ASFI/DCF/CC-1345/2026, instruyó la implementación de acciones de difusión y educación financiera para que la población conozca sus derechos y los beneficios establecidos en la norma, además de disponer la capacitación del personal de las entidades supervisadas para garantizar una orientación clara, íntegra y accesible a los consumidores financieros. ASFI recuerda que la aplicación de estas medidas no está condicionada a la emisión de reglamentación adicional, ya que el propio Decreto Supremo N° 5630 establece las obligaciones que deben cumplir las entidades financieras. Los consumidores financieros afectados tienen derecho a solicitar la evaluación de su situación y acceder a los mecanismos de alivio financiero previstos por el Estado. Para despejar las principales dudas de la población, ASFI responde las consultas más frecuentes sobre la aplicación del Decreto Supremo N° 5630: ¿Quiénes acceden a estos beneficios? Pueden acceder los prestatarios cuyos ingresos se hayan visto afectados por conflictos sociales, bloqueos u otros eventos adversos que dificulten el cumplimiento de sus obligaciones financieras. ¿La reprogramación o el refinanciamiento son automáticos? No. El prestatario debe solicitar voluntariamente la evaluación de su caso ante la entidad financiera donde mantiene su operación crediticia. ¿Qué diferencia existe entre reprogramar y refinanciar un crédito? La reprogramación consiste en modificar las condiciones del crédito vigente, como el plazo o el plan de pagos, para adecuarlo a la nueva capacidad de pago del prestatario. El refinanciamiento implica la suscripción de una nueva operación financiera que reorganiza la deuda existente, de acuerdo con la evaluación realizada por la entidad financiera. Es el periodo durante el cual la entidad financiera analiza y evalúa la solicitud del prestatario. Durante este tiempo no se cobran cuotas, intereses, seguros, comisiones ni otros cargos, y la operación mantiene su situación crediticia original. El Decreto Supremo establece una prórroga inicial de hasta 30 días calendario desde la publicación de la norma. Este plazo puede ampliarse conforme a las políticas internas de cada entidad financiera. Es un periodo durante el cual el prestatario no realiza pagos de capital, intereses, seguros, comisiones ni otros cargos relacionados con la operación crediticia. ¿Cuál es la duración máxima del período de gracia? El período de gracia puede ser de uno a seis meses, dependiendo de la evaluación realizada por la entidad financiera y de la capacidad de pago del consumidor financiero. ¿La deuda desaparece durante el período de gracia? No. La obligación crediticia se mantiene vigente. Los montos que no se pagan durante este periodo son incorporados posteriormente al nuevo plan de pagos, adecuándolo a la capacidad real del prestatario. ¿La tasa de interés aumenta por acceder a estos beneficios? No. La tasa de interés debe mantenerse en las mismas condiciones vigentes antes de la reprogramación o refinanciamiento, salvo que se acuerde una tasa más favorable para el prestatario. ¿La calificación crediticia se ve afectada? No. El acceso a una reprogramación o refinanciamiento en el marco del Decreto Supremo N° 5630 no implica una reclasificación automática a una categoría de mayor riesgo. ¿Se deben pagar gastos adicionales por los documentos de reprogramación o refinanciamiento? No. Los costos de elaboración de minutas, adendas y demás documentación requerida para formalizar estas operaciones deben ser asumidos por la entidad financiera. ¿Qué se debe hacer para solicitar este beneficio? La solicitud debe ser presentada ante la entidad financiera donde se mantiene la operación crediticia. La entidad evaluará la situación económica del prestatario y determinará las alternativas que correspondan de acuerdo con su capacidad de pago. ¿Cómo se conocen los requisitos para acceder a estos beneficios? Las entidades financieras deben publicar los requisitos en sus sitios web y proporcionar información clara, íntegra y accesible a los prestatarios que la soliciten. ASFI es la institución técnica encargada de regular, supervisar y controlar a las entidades financieras. En el marco del Decreto Supremo N° 5630, verifica que las entidades atiendan, evalúen y gestionen las solicitudes de refinanciamiento o reprogramación conforme a la normativa vigente. ¿Qué ocurre si una entidad financiera no cumple la normativa? En primera instancia, corresponde presentar el reclamo ante la propia entidad financiera. Si el consumidor financiero considera que la respuesta recibida no resuelve su reclamo o vulnera sus derechos, puede acudir a ASFI para que verifique el cumplimiento de la normativa vigente y adopte las acciones que correspondan. ASFI reafirma su compromiso de supervisar el cumplimiento de las disposiciones vigentes, resguardar los derechos de los consumidores financieros y velar porque las entidades financieras apliquen las medidas establecidas en el Decreto Supremo N° 5630 en beneficio de las familias bolivianas afectadas por la actual coyuntura.",ASFI,,https://www.asfi.gob.bo/node/1393,7,official,La Paz,national,0.95,2026-07-20T11:59:11.554785+00:00,4,neutral,1.0,Transformer financiero en español,True,neutral,0.9727,neutral,1.0,0,"Sector productivo, automotor y actividad empresarial",0.9985,"[""ASFI""]","[""sistema financiero""]",54,moderado,"{""riesgo"": 1}",{},,2026-07-20T11:59:11Z,2026-07-20T11:59:11Z,23.4,inferred_collected,True,recent,evt-3846c9aeb5db,1
2d5dde564a6be9f575e2,IBCE dice que el dÃ³lar fijo se âutilizÃ³ como un instrumento antiinflacionario que causÃ³ graves problemas al paÃ­sâ,"El gerente general del Instituto Boliviano de Comercio Exterior (IBCE), Gary RodrÃ­guez, indicÃ³ que la medida asumida por los anteriores gobiernos de mantener un tipo de cambio fijo ocasionÃ³ problemas al paÃ­s. âSe mantuvo, por una decisiÃ³n polÃ­tica, fij o, utilizando el tipo de cambio como un instrumento antiinflacionario que le causÃ³ graves problemas al paÃ­s, principalmente a nuestros productores, porque era un dÃ³lar falsamente bajoâ, manifestÃ³ el gerente. SeÃ±alÃ³ que se debiÃ³ liberar el dÃ³lar hace 15 aÃ±os y que no mantenerse en un tipo de cambio fijo , y por ello es que actualmente el tipo de cambio flexible se comporta como una mercancÃ­a en el mercado. MIRA AQUÃ: Privados rechazan feriado del 14 de agosto en Cochabamba: âSe agotÃ³ el margen para nuevas paralizacionesâ âÂ¿Por quÃ© en ciertos momentos el precio del tomate o del pollo sube? Porque baja la oferta. Â¿Y por quÃ© en algunos momentos baja el precio, porque hay un exceso de oferta? Lo que estÃ¡ aconteciendo ahora es algo que era previsibleâ, explicÃ³ el experto. RodrÃ­guez sostuvo que para evitar que el dÃ³lar continÃºe subiendo, debe haber mÃ¡s divisas en el paÃ­s que se atraigan mediante mÃ¡s exportaciones, capital de inversiÃ³n directa y crÃ©ditos. MIRA AQUÃ: Doria Medina dice que el 50/50 debe empezar con la abrogaciÃ³n de la ley de incentivos a la exploraciÃ³n de hidrocarburos",Unitel,,https://unitel.bo/noticias/economia/ibce-dice-que-el-dolar-fijo-se-utilizo-como-un-instrumento-antiinflacionario-que-causo-graves-problemas-al-pais-HG22243051,7,television,Santa Cruz,national,0.7,2026-07-19T10:46:22.767319+00:00,5,desfavorable,0.9996,Transformer financiero en español,False,neutral,0.8747,desfavorable,0.9996,2,"Política fiscal, gestión pública y sistema financiero",0.3942,"[""IBCE""]","[""inflación"", ""tipo de cambio"", ""exportaciones"", ""hidrocarburos""]",50,moderado,{},{},,2026-07-19T10:46:22Z,2026-07-19T10:46:22Z,48.61,inferred_collected,True,recent,evt-cccf6f977712,1
80a314982db80e53e003,ASFI DESPLIEGA RIGUROSO CONTROL EN CASAS DE CAMBIO PARA EL CUMPLIMIENTO DEL TIPO DE CAMBIO OFICIAL | ASFI,"La Autoridad de Supervisión del Sistema Financiero (ASFI) desplegó un riguroso plan control en casas de cambio de todo el país, enfocado en la compra y venta de dólares, con el objetivo de erradicar la especulación y proteger los derechos de la ciudadanía en las transacciones cambiarias de esta divisa. Durante estas intervenciones de control en las calles, los supervisores de ASFI verifican que, de forma obligatoria, todas las casas de cambio autorizadas mantengan visibles en sus pizarras informativas los valores de compra y venta de dólares. En este sentido, se detectó que algunos establecimientos mantenían sus pizarras exteriores en blanco; ante este escenario, el personal de control instruyó el colocado inmediato de los precios en todos los lugares visibles al público. Asimismo, ASFI controla que estos establecimientos operen estrictamente bajo el margen establecido de 10 centavos de boliviano de diferencia entre el precio de compra y el de venta, respecto al tipo de cambio oficial publicado por el Banco Central de Bolivia (BCB). Cumplimiento y sanciones a clandestinos Como parte de los operativos también se identificaron establecimientos que realizaban actividades cambiarias sin contar con la licencia de funcionamiento exigida por la normativa. Al constituirse en actividades financieras clandestinas, se procedió a su clausura inmediata y se advirtió que, en caso de reincidencia, se iniciarán las acciones legales correspondientes contra sus propietarios. ASFI destacó que la mayoría de las casas de cambio autorizadas cumple con la normativa vigente; sin embargo, reafirmó que los controles continuarán de manera permanente y fueron reforzados tras la implementación del régimen cambiario flexible, con el propósito de proteger a la población y fortalecer la transparencia en el mercado cambiario.",ASFI,,https://www.asfi.gob.bo/node/1402,8,official,La Paz,national,0.95,2026-07-19T10:45:47.699174+00:00,5,neutral,1.0,Transformer financiero en español,True,neutral,0.96,neutral,1.0,1,"Tipo de cambio, divisas y abastecimiento de combustibles",0.4984,"[""BCB"", ""ASFI""]","[""tipo de cambio"", ""sistema financiero""]",50,moderado,{},{},,2026-07-19T10:45:47Z,2026-07-19T10:45:47Z,48.62,inferred_collected,True,recent,evt-130975488e67,1
1c775c04a3952c305843,Cajeros automáticos para personas con discapacidad | ASFI,"En el marco de lo establecido en el Artículo 74 de la Ley de Servicios Financieros N° 393, los consumidores financieros gozan del acceso a los servicios financieros con trato equitativo sin discriminación, por tal motivo la Autoridad de Supervisión del Sistema Financiero - ASFI regula la implementación de Cajeros Automáticos para personas con discapacidad física, motora y visual.",ASFI,,https://www.asfi.gob.bo/la/cajeros-automaticos-para-personas-discapacidad,2,official,La Paz,national,0.95,2026-07-19T10:45:46.205065+00:00,2,neutral,1.0,Transformer financiero en español,True,neutral,0.8934,neutral,1.0,0,"Sector productivo, automotor y actividad empresarial",0.8699,"[""ASFI""]","[""sistema financiero""]",50,moderado,{},{},,2026-07-19T10:45:46Z,2026-07-19T10:45:46Z,48.62,inferred_collected,True,recent,evt-34c1bd70db36,1
d972ac30655b174b39e3,"Inicia la construcción de la plaza Cívica San Roque en El Alto con Bs 2,6 millones","El Alto, 18 de julio de 2026 (ABI). – Con el colocado de la piedra fundamental a cargo del alcalde de El Alto, Eliser Roca, este sábado se dio inicio a la construcción de la plaza Cívica San Roque, en el Distrito 7, con una inversión total de Bs 2.662.308,06 para beneficio de 80.000 vecinos. “Estamos cumpliendo con el Distrito 7. Pese a que recibimos un municipio sin plata, estamos gestionando recursos y empezando obras que la gente necesita. Ya hemos puesto la piedra inicial y en función a la ficha técnica se va a hacer la ejecución”, informó Roca durante el acto de inicio de obras. Según datos del Gobierno Autónomo Municipal de El Alto (Gamea), la plaza estará emplazada en una superficie de 3.678 m2 (metros cuadrados) y estará ubicada en el área de equipamiento de la urbanización 21 de Octubre A. El espacio está destinado a actividades cívicas, ceremoniales, festivas, ampliados y cabildos. Por su ubicación estratégica, se prevé que genere un movimiento económico importante para el comercio del distrito, de acuerdo con la ficha técnica del proyecto. El subalcalde del Distrito 7, Edgar Condori, destacó la importancia de la obra para los vecinos. “Esta plaza cívica va a beneficiar a todos. Acá se llevan todas las actividades: fiesta de Carnaval, aniversarios. Los hermanos me han pedido que tenga su propio escenario para no alquilar. También va a tener un lugar para la ofrenda a la Pachamama cada 21 de junio”, explicó. Roca agradeció la confianza de los vecinos y aseguró que se trabaja para conseguir financiamiento externo: “Vamos a tocar puertas de organismos internacionales para que esta y otras obras se terminen. El Distrito 7 merece desarrollo”, prometió.",ABI,2026-07-18T21:48:44+00:00,https://abi.bo/inicia-la-construccion-de-la-plaza-civica-san-roque-en-el-alto-con-bs-26-millones,3,agency,La Paz,national,0.85,2026-07-19T10:46:04.440010+00:00,2,neutral,1.0,Transformer financiero en español,True,neutral,0.8948,neutral,1.0,2,"Política fiscal, gestión pública y sistema financiero",0.9939,[],[],50,moderado,{},{},2026-07-18T21:48:44Z,2026-07-19T10:46:04Z,2026-07-18T21:48:44Z,61.57,published,True,recent,evt-f793dd79cd60,1
21792682e6d924c51abe,Bolivia gestiona la exportación de charque de llama a Chile,"La Paz, 18 de julio de 2026 (ABI) . – El presidente del Estado, Rodrigo Paz, informó que el ministro de Desarrollo Productivo, Rural y Agua, Óscar Mario Justiniano, gestiona la exportación de charque de llama boliviano al mercado de Chile. “Ya el ministro está trabajando para que podamos venderle charque a Chile. Estamos en las negociaciones”, reveló el mandatario este sábado durante el acto de entrega del programa que garantizará el abastecimiento de agua potable y fortalecerá los sistemas de riego para los municipios de Pucarani, Batallas y El Alto. El jefe de Estado resaltó la producción no solo de lana, sino también de carne de camélidos en La Paz. Remarcó que esta proteína es “muy sana” para el consumo humano. “Hay que cuidar los bofedales, porque si el bofedal se acaba, que es un lugar natural de alimentación de la llama, entonces la llama tampoco tiene dónde alimentarse”, comentó. En ese sentido, destacó la necesidad de construir represas para mejorar la producción agropecuaria y producir para el mercado interno y los excedentes para las exportaciones. “Hay que ir a venderle a ellos, para que manden plata”, señaló respecto al mercado internacional. En Bolivia, el charque de llama se produce principalmente en las regiones del altiplano, siendo los departamentos de Oruro, La Paz y Potosí los principales centros. En Turco y Huayllamarca, Oruro lidera la producción nacional, mientras que en La Paz se concentra en zonas como Patacamaya y las provincias aledañas.",ABI,2026-07-18T19:24:58+00:00,https://abi.bo/bolivia-gestiona-la-exportacion-de-charque-de-llama-a-chile,4,agency,La Paz,national,0.85,2026-07-19T10:46:05.668678+00:00,2,favorable,0.9924,Transformer financiero en español,False,neutral,0.7558,favorable,0.9924,4,"Producción, inversión y régimen cambiario",0.598,[],"[""exportaciones""]",50,moderado,{},{},2026-07-18T19:24:58Z,2026-07-19T10:46:05Z,2026-07-18T19:24:58Z,63.97,published,True,recent,evt-79f824e2bf9a,1
699803cf301ca7e60392,Gobierno entrega la presa Taypichaca para asegurar agua en tres municipios de La Paz y beneficiar a más de 154 mil familias,"La Paz, 18 de julio de 2026 (ABI). – El Gobierno nacional entregó este sábado la presa de Taypichaca ubicada en el municipio de Pucarani del departamento de La Paz, que beneficiará a 154.500 familias y anunció la inversión en viviendas y electricidad para esta región de la provincia de Los Andes. El acto contó con la presencia del presidente de Bolivia, Rodrigo Paz, y del ministro de Desarrollo Productivo, Rural y Tierras, Oscar Justiniano, entre otras autoridades. Durante su intervención, el primer mandatario enfatizó sobre el impacto productivo de la obra, comparando su magnitud con otros proyectos del país, a tiempo de anunciar también proyectos de electrificación y viviendas sociales para los municipios de Pucarani y Batallas. «Esta represa va a regar 7.000 hectáreas; en Tarija, la famosa represa de San Jacinto riega solo 3.500. Es decir, aquí habrá el doble de capacidad para producir. Con todo este sistema, daremos agua a más de 800.000 personas, casi el doble de los habitantes de todo mi departamento», manifestó. La nueva infraestructura hidráulica tiene como objetivo asegurar el abastecimiento de agua potable y consolidar la cobertura de los sistemas de riego agrícolas en beneficio de los municipios de Batallas, Pucarani y El Alto. La obra demandó una inversión total de Bs 40.918.272,50, financiados por el Banco Interamericano de Desarrollo (BID). Esta infraestructura forma parte del Programa Multipropósito de Agua Potable y Riego, diseñado para mitigar los efectos del estrés hídrico y mejorar la gestión de los recursos naturales en el altiplano paceño, beneficiando a 846.880 habitantes, lo que equivale a 154.550 familias en las áreas urbanas y rurales de los tres municipios. Durante el evento, las autoridades presentes recibieron como regalo la vestimenta tradicional de la región y otros regalos de parte de los municipios presentes. El Concejo Municipal de Pucarani también declaró huésped de honor al presidente de Bolivia. «Nuestra población sufrió por muchos años esperando luz, vivienda y dignidad. Bajo el mandato del presidente, este ministerio cumplió en menos de ocho meses. Hoy anunciamos 4.480 millones de bolivianos en 10 proyectos para la zona, que incluyen alcantarillados, agua potable y sistemas de riego tecnificado que beneficiarán a casi 11.000 familias», afirmó el ministro Justiniano. Entre tanto, la viceministra de Hídricos, Riego, Agua Potable y Saneamiento Básico, Viviana Mariscal, explicó que la estructura presenta una altura física de 33,0 metros, una longitud de eje de coronamiento de 230,0 metros y un ancho de corona de 3,0 metros. La presa fue emplazada sobre el río Kullucachi, aprovechando el flujo de la cuenca. Además, tiene tres cuerpos: principal, presa auxiliar del lado derecho y un coronamiento del izquierdo, “eso significa que cuenta con todas las medidas de seguridad para almacenar el agua que se necesita para abastecer al municipio de El Alto con agua potable y riego para los municipios de Pucarani y Batallas con más de 3 mil hectáreas”. En el acto, los alcaldes de Pucarani, Nicolás Torrez; y de Batallas, Álvaro Paty Mercado, pidieron al primer mandatario coordinar nuevos proyectos para la región, entre ellos una planta de agua potable. Entre tanto, los representantes de la Central Agraria Jacha Suriquiña y de la Central Agraria de Viruyo agradecieron la entrega de la obra El senador Nicanor Gonzalo Cochi destacó que el primer mandatario “entendió lo que quiere el departamento de La Paz”, que es el desarrollo y progreso de estas regiones. El director general ejecutivo de AE Vivienda, Jorge Méndez, informó que la zona también se beneficiará con la construcción de viviendas sociales con el inicio de siete proyectos de vivienda social, que significarán la construcción de 300 soluciones habitacionales. “Iniciaremos siete proyectos de vivienda social que permitirán la construcción de 300 soluciones habitacionales, con una inversión superior a los 65 millones de bolivianos”, precisó y destacó que las viviendas permitirán a las familias un acceso a un lugar digno, seguro y adecuado. Méndez destacó que el trabajo coordinado entre el Gobierno nacional, las entidades públicas y la población permite unir esfuerzos y la transformación de necesidades en oportunidades y sueños en realidades. Durante el acto, el viceministro de Electricidad y Energías Renovables, Rudy Alberto Peredo, comunicó sobre la ejecución del proyectos de Construcción de Electrificación Rural Comunidades Villa Andino, Litoral y Condoriri del municipio de Pucarani. “Esta iniciativa surge como un compromiso directo derivado del Programa Multipropósito de Agua Potable y Riego para la región, su objetivo central es dotar de servicios de energía eléctrica en media y baja tensión a un total de 284 familias, 88 en la comunidad de Villa Andino, 112 en Litoral y 84 en Condoriri”, detalló la autoridad. Agregó que la obra contempla la instalación de 130 kilómetros de líneas de red y 35 transformadores monofásicos. El presupuesto asciende a Bs 14,8 millones, con un aporte del 24% de la Empresa Pública Social de Agua y Saneamiento, 29% del Viceministerio de Inversión Pública y el 47% financiado por el programa de Electrificación Rural. El tiempo de ejecución es de 200 días calendarios. “Me complace informar que los estudios ambientales y sociales ya se encuentran completamente concluidos, por lo que el proyecto está listo para ser licitado por nuestra empresa ENDE”, señaló. Justiniano también declaró que existen otros 10 proyectos para los municipios de Batallas, Huarina y Pucarina, entre otros, que tienen que ver con sistemas de alcantarillado sanitario y de agua potable, de residuos sólidos y sistemas de riego. “Este día nosotros para acá tenemos algo muy especial en el mes aniversario de La Paz, 480 millones de bolivianos en diez proyectos los cuales tenemos que continuar trabajando y profundizando y avanzando con nuestros alcaldes”, aseveró, a tiempo de indicar que estas nuevas obras beneficiará a 11 mil familias.",ABI,2026-07-18T19:24:08+00:00,https://abi.bo/gobierno-entrega-la-presa-taypichaca-para-asegurar-agua-en-tres-municipios-de-la-paz-y-beneficiar-a-mas-de-154-mil-familias,2,agency,La Paz,national,0.85,2026-07-19T10:46:05.985495+00:00,2,neutral,1.0,Transformer financiero en español,True,neutral,0.8757,neutral,1.0,4,"Producción, inversión y régimen cambiario",0.6698,"[""BID""]",[],50,moderado,{},{},2026-07-18T19:24:08Z,2026-07-19T10:46:05Z,2026-07-18T19:24:08Z,63.98,published,True,recent,evt-c9336c809e89,1
868ccef962cb836cd6b6,"Nuevo encargado de negocios de la Embajada de EEUU: “Estamos muy interesados en abrir Bolivia a la inversión extranjera""","El nuevo Encargado de Negocios de la Embajada de Estados Unidos en Bolivia, Erik Martini, que asumió sus funciones hace un mes, afirmó que tienen el interés de que más empresas norteamericanas inviertan en el país, en un tiempo en que las relaciones bilaterales atraviesan ""el mejor momento que se ha tenido en muchos años"", según palabras del propio diplomático. “Estamos muy interesados en abrir Bolivia a la inversión extranjera, con la que nosotros, Estados Unidos, podemos competir con las demás empresas extranjeras para profundizar estas oportunidades económicas”, manifestó Martini en una entrevista con el programa “Sin Maquillaje con Mery Vaca”, de Brújula Digital. La autoridad estadounidense mencionó como un ejemplo las gestiones realizadas para que Starling opere en Bolivia y beneficie con la cobertura de internet, principalmente, a zonas rurales. “Ese es un ejemplo pequeño en que nosotros podemos atraer a empresas americanas para el beneficio del pueblo boliviano”, dijo. A la consulta de si esperan algún cambio en la regulación en las leyes bolivianas para que estas inversiones puedan llegar a Bolivia, el encargado de negocios de la Embajada de Estados Unidos en Bolivia respondió que “seguramente” y agregó que el presidente Paz heredó una economía difícil. Además, señaló que están totalmente de acuerdo en las propuesta que Rodrigo Paz ha reiterado muchas veces, de que necesitamos algunos cambios en la legislación para que atraen inversión extranjera, ya que esos cambios sería por el beneficio del pueblo boliviano. “Pero también lo que queremos hacer es abrir la la economía para también aumentar esas oportunidades económicas, estamos aquí para apoyar”, indicó Martini. Anteriormente, también señaló que están buscando la manera en traer más asistencia técnica y más asistencia humanitaria para también apoyar al Gobierno de Paz en lo económico y la prosperidad. «Hoy en día nuestras relaciones son las mejores que hemos tenido en muchos, muchos años. El gobierno de Rodrigo Paz es un gobierno con el que nosotros queremos trabajar y apoyar», afirmó Martini. Afirmó que la Agencia de los Estados Unidos para el Desarrollo Internacional (USAID) va a retornar al país, luego de que fuera expulsada por el Gobierno de Evo Morales en mayo de 2013. “Sí, ya está viniendo. De que tenemos la presencia de Rodrigo Paz en su cargo, en su su mandato, nosotros en Washington empezamos a pensar en en cómo podemos restablecer esta relación profunda que teníamos antes”, expresó. ""Nosotros respaldamos el presidente Paz durante las protestas, nosotros pudimos traer asistencia humanitaria a Bolivia"", manifestó Erik Martini, indicando que no solo se proveyó de equipamientos para la Policía y las fuerzas de orden, sino también alimentos, además de combustible para el puente humanitario de los aviones de Bolivia. “Entonces, eso fue una cantidad de como $us 12 millones para respaldar directamente al pueblo boliviano durante este crisis”, dijo. A mediano plazo, tienen previsto un programa denominado Reto del Milenio, el cual se está analizando junto con el Gobierno de Bolivia para promover en el país, que incluirá varias formas de asistencia técnica en cuanto a la agropecuaria y asistencia técnica en la economía, todo esto para impulsar el mercado libre libre y las portunidades económicas. El apoyo de la Embajada de Estados Unidos en Bolivia, también consiste en becas para estudiar inglés y un fondo cultural para preservar Tiwanaku. Erik Martini asumió las funciones de Encargado de Negocios en la Embajada de EE.UU. en Bolivia el 18 de junio de 2026. Recientemente, dirigió el Consulado General de EE. UU. en Guayaquil, Ecuador, desde agosto de 2023 hasta junio de 2026. En su cargo anterior se desempeñó como Director Encargado para Asuntos Venezolanos en la Oficina del Hemisferio Occidental para Asuntos Andinos. Previo a esta designación, fue el Subdirector de la Oficina en la lucha contra el terrorismo en Asia Meridional y Central y el Cercano Oriente desde Diciembre hasta Agosto 2019. En el exterior trabajó como Consejero de Control de Armas en la Misión de los Estados Unidos ante las organizaciones internacionales en Viena; Jefe de la Sección Política y Económica en Lahore, Pakistán; Jefe Encargado de la Sección Política y Económica en Yaounde, Camerún; y Oficial Político en la Embajada de Quito, Ecuador. Antes de unirse al Departamento de Estado, Martini era abogado comercial para la compañía McGuire Woods LLP en sus oficinas de Baltimore, Maryland. Estudió leyes en la Universidad de Wisconsin. Durante ese tiempo, fue voluntario para el Cuerpo de Paz o “Peace Corps” en Guatemala y trabajó como asistente de un Congresista en Washington, D.C. Está casado y tiene dos hijos.",Economy,2026-07-18T12:53:18-04:00,https://www.economy.com.bo/articulo/economia/nuevo-estamos-muy-interesados-abrir-bolivia-inversion-extranjera/20260718125318023301.html,5,business,Santa Cruz,national,0.85,2026-07-19T10:46:11.237705+00:00,4,favorable,0.9999,Transformer financiero en español,False,neutral,0.9372,favorable,0.9999,0,"Sector productivo, automotor y actividad empresarial",0.9977,[],"[""combustibles""]",58,moderado,"{""crisis"": 1}",{},2026-07-18T16:53:18Z,2026-07-19T10:46:11Z,2026-07-18T16:53:18Z,66.5,published,True,recent,evt-17a9d8bcfb5b,1
94f8ac8e4eb7e0f04a7d,Decomisan más de 220 litros de combustibles en Uncía,"Potosí, 18 de julio de 2026 (ABI). – Mediante un operativo de control fueron comisados más de 220 litros de combustibles líquidos en la localidad de Uncía del departamento de Potosí, informó la Agencia Nacional de Hidrocarburos (ANH). “En coordinación con la Policía Boliviana, la ANH ejecutó un operativo de control en el municipio de Uncía, Potosí, donde se logró el decomiso de más de 220 litros de combustibles líquidos”, publicó la entidad en sus redes sociales. Según el reporte, este combustible era comercializado de manera irregular en bidones. La ANH reforzó los operativos de control en estaciones de servicio con el propósito de evitar carguíos repetitivos de combustibles y asegurar que los volúmenes despachados lleguen de forma oportuna y equitativa a los usuarios.",ABI,2026-07-18T16:53:01+00:00,https://abi.bo/decomisan-mas-de-220-litros-de-combustibles-en-uncia,3,agency,La Paz,national,0.85,2026-07-19T10:46:07.145866+00:00,2,neutral,1.0,Transformer financiero en español,True,neutral,0.5802,neutral,1.0,3,"Precios, alimentos y servicios básicos",0.9898,[],"[""combustibles"", ""hidrocarburos""]",50,moderado,{},{},2026-07-18T16:53:01Z,2026-07-19T10:46:07Z,2026-07-18T16:53:01Z,66.5,published,True,recent,evt-740668f3deca,1
6b7c0b3e4f90f1382e56,Día Nacional del Trigo: plantean agenda para recuperar la producción nacional y fortalecer la seguridad alimentaria,"La necesidad de recuperar la producción nacional de trigo, reducir la dependencia de las importaciones y consolidar políticas que fortalezcan la seguridad alimentaria del país marcó la versión 33 del Día Nacional del Trigo, organizada por la Asociación de Productores de Oleaginosas y Trigo (Anapo), en su centro experimental ubicado en el municipio de Cuatro Cañadas. De acuerdo con información de Anapo, durante 2025 Bolivia produjo 92.010 toneladas de trigo, volumen que apenas cubrió el 11% de la demanda nacional, estimada en 850.000 toneladas anuales. Esa brecha, que además se repite cada año obliga al país a importar trigo y harina por un valor de 79,3 millones de dólares anuales, sobre todo desde Argentina; lo cual refleja la necesidad de fortalecer la producción nacional de uno de los alimentos básicos de la canasta familiar. Durante el evento tecnológico para recordar la fecha, el Vicepresidente de Anapo, Adán Mérida, destacó que el trigo es un cultivo estratégico, porque es la base del pan para las familias bolivianas, pero también porque desempeña un papel esencial dentro de los sistemas de rotación agrícola. “Y hay un dato que debería preocuparnos a todos: en 2015 sembrábamos 150.000 hectáreas de trigo; esta campaña de invierno estamos en 57.210. En diez años, la superficie triguera se redujo a menos de la mitad”, lamentó. El dirigente también advirtió que el desafío pasa por incrementar los rendimientos y por recuperar el área destinada al cultivo. En ese contexto, destacó el papel de Santa Cruz, departamento que hoy concentra el 69% de la producción nacional y continúa siendo el principal motor del cultivo en el país. Y, como uno de los principales actores de ese impulso, la Cooperativa Agropecuaria Integral Colonias Okinawa R.L. (CAICO) recibió un reconocimiento especial por su compromiso con la mantención del cultivo. La incorporación del trigo en las campañas de invierno contribuye a conservar la fertilidad del suelo, mejorar su estructura, optimizar el manejo del agua y reducir la incidencia de plagas y enfermedades, fortaleciendo así la sostenibilidad de la producción agrícola.",Los Tiempos,2026-07-18T12:28:48-04:00,https://www.lostiempos.com/actualidad/economia/20260718/dia-nacional-del-trigo-plantean-agenda-recuperar-produccion-nacional,5,newspaper,Cochabamba,national,0.7,2026-07-21T11:22:01.324607+00:00,3,neutral,0.9899,Transformer financiero en español,True,neutral,0.5946,neutral,0.9899,3,"Precios, alimentos y servicios básicos",0.6948,[],"[""tipo de cambio"", ""importaciones""]",50,moderado,{},{},2026-07-18T16:28:48Z,2026-07-21T11:22:01Z,2026-07-18T16:28:48Z,66.91,published,True,recent,evt-a61bbdccab39,1
a517c3f9b5006c81d072,El helado boliviano conquista Chile y alcanza un récord histórico de exportaciones,"La Paz, 18 de julio de 2026 (ABI). – Las exportaciones de helado boliviano alcanzaron un récord histórico, cuyo principal mercado es Chile. En 2025, las ventas a este mercado fueron de $us 45.000, pero a mayo de este año llegaron a $us 48.900, reportó el Instituto Boliviano de Comercio Exterior (IBCE). El IBCE informó que, según datos del Instituto Nacional de Estadística, en 2025, Bolivia exportó este producto por más de $us 45.000, el mayor valor registrado hasta la fecha. Chile concentró prácticamente la totalidad de las compras, consolidándose como el principal destino. El crecimiento continúa. Entre enero y mayo de 2026, las exportaciones de helado de producción boliviana ya alcanzaron los $us 48.900, superando en apenas cinco meses todo lo vendido durante la gestión anterior. El departamento de Cochabamba lidera este desempeño, concentrando casi toda la producción destinada al mercado chileno. Si bien en años anteriores las ventas fueron esporádicas y en pequeñas cantidades hacia países como Perú, Emiratos Árabes Unidos, Italia, Grecia y Chile, “la evolución de este crecimiento, muestra que el helado boliviano comienza a consolidar su presencia internacional”. “¿Quién diría que un helado boliviano terminaría conquistando mercados fuera del país? Hoy esa idea ya es una realidad (…). Las buenas noticias también se construyen paso a paso”, subrayó el IBCE. La institución destacó que “hoy los helados bolivianos empiezan a abrirse espacio fuera de nuestras fronteras y demuestran que, con calidad, innovación y perseverancia, incluso los productos más cotidianos pueden encontrar nuevas oportunidades para crecer”.",ABI,2026-07-18T14:58:46+00:00,https://abi.bo/el-helado-boliviano-conquista-chile-y-alcanza-un-record-historico-de-exportaciones,4,agency,La Paz,national,0.85,2026-07-19T10:46:07.744314+00:00,4,favorable,0.9999,Transformer financiero en español,True,favorable,0.5678,favorable,0.9999,4,"Producción, inversión y régimen cambiario",0.9946,"[""INE"", ""IBCE""]","[""exportaciones""]",32,bajo,{},"{""crecimiento"": 2, ""récord"": 2}",2026-07-18T14:58:46Z,2026-07-19T10:46:07Z,2026-07-18T14:58:46Z,68.41,published,True,recent,evt-ba34ada72bf2,1
2ac29c8e540c44a10f8e,ABC y transportistas inspeccionan el tramo Porvenir – San Silvestre – Chive en Pando,"Pando, 18 de julio de 2026 (ABI). – La Administradora Boliviana de Carreteras (ABC), representantes de la Federación de Transportistas 11 de Octubre y los sindicatos Trans Manuripi y Trans Soberanía inspeccionaron el tramo Porvenir – San Silvestre – Chive con el objetivo de evaluar el estado de la vía y priorizar la atención en sus puntos más vulnerables. Según información institucional, durante el recorrido por el norte amazónico, la comitiva verificó la aceleración de las labores ejecutadas por la empresa contratista, enfocadas en la recuperación de la plataforma y el mantenimiento preventivo de la calzada. Las faenas técnicas contemplan la conformación de la capa de rodadura mediante ripiado y la aplicación avanzada de suelo-cemento en los sectores identificados con mayor desgaste, preparando la infraestructura vial para mantener la transitabilidad óptima de cara a la próxima temporada de lluvias. Al respecto, el gerente regional de la ABC en Pando, Vladimir Rodríguez, informó que, bajo los lineamientos del Plan Nacional de Emergencia de la institución, se tienen garantizados recursos significativos para la región. Para el sector Bajo de San Silvestre se cuenta con un presupuesto superior a los Bs 6 millones para el levantamiento del acceso del puente homónimo en una longitud de 1,35 kilómetros, además de la instalación de seis alcantarillas tipo cajón en un plazo de ejecución de seis meses. Asimismo, para el sector Bajo de Filadelfia se inyectará una inversión cercana a los Bs 7 millones destinada al levantamiento de aproximadamente 5 kilómetros de plataforma y la construcción de sistemas de drenaje similares. “Esta doble intervención responde directamente al mandato presidencial de consolidar rutas estables y transitables durante los 365 días del año en la amazonía boliviana”, resaltó el gerente. El concejal de Filadelfia, Rodolfo Justiniano, y el dirigente del Sindicato Trans Soberanía, Elder Méndez Lozano, coincidieron en ponderar la decisión política de aprovechar la época seca para ejecutar obras estructurales. Ambos representantes manifestaron su predisposición de mantener una estrecha coordinación con la estatal caminera para fiscalizar las obras, asegurando que estos proyectos dinamicen el flujo comercial y resguarden la seguridad de los usuarios.",ABI,2026-07-18T14:03:19+00:00,https://abi.bo/abc-y-transportistas-inspeccionan-el-tramo-porvenir-san-silvestre-chive-en-pando,4,agency,La Paz,national,0.85,2026-07-19T10:46:08.320429+00:00,3,neutral,1.0,Transformer financiero en español,True,neutral,0.8284,neutral,1.0,4,"Producción, inversión y régimen cambiario",0.3091,[],[],52,moderado,"{""emergencia"": 1}","{""recuperación"": 1}",2026-07-18T14:03:19Z,2026-07-19T10:46:08Z,2026-07-18T14:03:19Z,69.33,published,True,recent,evt-32f516a2b7e4,1
